seed,sequence_id,score,rank_within_seed,plddt,plddt_pass,ppl,ppl_pass,dr_prob,pam_prob,z_plddt,z_negppl,novelty_bonus,dr_logit,pam_logit,predicted,overall_pass,WED_pass,PI_pass,NUC_pass,BH_pass,LID_pass
seed2,seed2_row41217,2.251378863038078,1.0,67.1214644012945,False,20.21154,True,0.214648,0.559239,1.2666695609681498,1.1549530029570407,0.0,-1.297134,0.238074,PASS,False,False,False,False,False,False
seed2,seed2_row24650,2.1810117655753993,2.0,68.9845145631068,False,22.551118,True,0.227631,0.577,1.8628875738216282,0.19204984536253034,0.0,-1.221739,0.310469,PASS,False,False,False,False,False,False
seed2,seed2_row21549,2.1586765790402263,3.0,67.7616533546326,False,21.233703,True,0.240493,0.505011,1.4715444448728827,0.7342600488104908,0.0,-1.149981,0.020047,PASS,False,False,False,False,False,False
seed2,seed2_row38685,2.0476608929014186,4.0,67.69461102106969,False,21.880662,True,0.497739,0.603283,1.450089388152856,0.4679902924979467,0.0,-0.009042,0.419165,PASS,False,False,False,False,False,False
seed2,seed2_row61919,2.0125977339651433,5.0,67.8482619240097,False,21.854964,True,0.230306,0.54624,1.4992611377395255,0.47856685175088276,0.0,-1.206584,0.185491,PASS,False,False,False,False,False,False
seed2,seed2_row38101,1.9839109729176667,6.0,66.75611650485436,False,20.845339,True,0.324855,0.554174,1.1497500054561036,0.8940995249450903,0.0,-0.731547,0.217548,PASS,False,False,False,False,False,False
seed2,seed2_row51740,1.9101791565087975,7.0,67.20647441104792,False,21.777879,True,0.464727,0.598407,1.2938746787512019,0.5102928253679937,0.0,-0.141326,0.39883,PASS,True,True,True,True,True,False
seed2,seed2_row91759,1.8839387237650116,8.0,67.54279483037158,False,21.930555,True,0.210211,0.530758,1.4015047878064197,0.44745576565513134,0.0,-1.323655,0.123188,PASS,False,False,False,False,False,False
seed2,seed2_row24527,1.8836221503055999,9.0,64.24604098360655,False,18.456599,True,0.311308,0.648475,0.34646930477183036,1.877236350762528,0.0,-0.794012,0.612342,PASS,False,False,False,True,False,False
seed2,seed2_row38480,1.8630806446113855,10.0,64.2865238480194,False,18.743199,True,0.541365,0.548752,0.3594247331706921,1.759280016343848,0.0,0.165838,0.195631,PASS,False,False,False,False,False,False
seed2,seed2_row93521,1.8402615999346874,11.0,67.012344,False,21.510364,True,0.224866,0.533886,1.2317485748588461,0.6203943215369161,0.0,-1.23753,0.135754,PASS,False,False,False,False,False,False
seed2,seed2_row1418,1.836937356433939,12.0,67.30791533546326,False,21.811956,True,0.205913,0.50719,1.3263380592959868,0.49626771019707483,0.0,-1.349741,0.028763,PASS,False,False,False,False,False,False
seed2,seed2_row38832,1.8018517275165056,13.0,65.28649676375404,False,19.816252,True,0.284026,0.574279,0.6794385883782453,1.3176421987689433,0.0,-0.924577,0.299333,PASS,False,False,False,False,False,False
seed2,seed2_row27717,1.795327777639218,14.0,66.22249201277955,False,20.861865,True,0.291673,0.538696,0.9789781492838043,0.8872978976505913,0.0,-0.887273,0.155095,PASS,False,False,False,False,False,False
seed2,seed2_row38253,1.7789618708096904,15.0,66.09026720647775,False,20.679968,True,0.2206,0.513028,0.9366632331966755,0.9621614823043072,0.0,-1.262174,0.052122,PASS,False,False,False,False,False,False
seed2,seed2_row56500,1.6982780238445974,16.0,65.52587237479806,False,20.375904,True,0.240892,0.544262,0.7560441753171473,1.0873054978963574,0.0,-1.147798,0.177514,PASS,False,False,False,False,False,False
seed2,seed2_row95396,1.6808473277007074,17.0,66.65348278622898,False,21.789429,True,0.352192,0.522037,1.116904903899061,0.505539176859495,0.0,-0.60942,0.088206,PASS,False,False,False,False,False,False
seed2,seed2_row33992,1.6335772390527517,18.0,67.20869391025641,False,22.497041,True,0.247958,0.572952,1.2945849684872177,0.21430638652219156,0.0,-1.109533,0.293906,PASS,False,False,False,False,False,False
seed2,seed2_row86001,1.6063181365966477,19.0,64.29933441558441,False,19.431683,True,0.315165,0.575502,0.3635244033211226,1.4759197618221787,0.0,-0.776082,0.304336,PASS,False,False,False,False,False,False
seed2,seed2_row17892,1.5484487375853482,20.0,64.4877094972067,False,19.812666,True,0.32571,0.517722,0.42380867217124113,1.3191180934487243,0.0,-0.727653,0.070918,PASS,False,False,False,False,False,False
seed2,seed2_row18310,1.5041171377784048,21.0,67.71577565632458,False,23.685084,False,0.45656,0.512736,1.4568625481208972,-0.27465801477498913,0.0,-0.174201,0.050954,PASS,False,False,False,False,False,False
seed2,seed2_row77716,1.4970325087257748,22.0,67.61388168557536,False,23.446383,False,0.273996,0.570352,1.4242541825454087,-0.17641553402804835,0.0,-0.974443,0.283287,PASS,False,False,False,False,False,False
seed2,seed2_row47370,1.4750482811704078,23.0,67.8002875399361,False,23.785683,False,0.361736,0.519312,1.4839082543193527,-0.3160616759270641,0.0,-0.567838,0.077286,PASS,False,False,False,False,False,False
seed2,seed2_row59192,1.365774746273988,24.0,69.66772213247172,False,26.222449,False,0.320742,0.55649,2.0815293837538773,-1.3189646249712708,0.0,-0.750365,0.226927,PASS,False,False,False,False,False,False
seed2,seed2_row91177,1.3565883015394644,25.0,65.76260940032415,False,21.932976,True,0.318288,0.583875,0.831805355462029,0.4464593515391933,0.0,-0.761649,0.3387,PASS,False,False,False,False,False,False
seed2,seed2_row33096,1.3565602988975693,26.0,63.72025223759154,False,19.640774,True,0.229213,0.683433,0.17820506382147028,1.3898639072515704,0.0,-1.212758,0.769593,PASS,False,False,False,False,False,False
seed2,seed2_row1695,1.3464142339670309,27.0,66.75395700636943,False,22.974932,True,0.245418,0.556979,1.1490589173030117,0.01762016666288451,0.0,-1.123203,0.228909,PASS,False,False,False,False,False,False
seed2,seed2_row20566,1.3398320023004249,28.0,66.58694915254236,False,22.755223,True,0.203519,0.537657,1.0956126425967843,0.1080460852909151,0.0,-1.364443,0.150914,PASS,False,False,False,False,False,False
seed2,seed2_row25602,1.3369478035949776,29.0,63.39804858299595,False,19.395081,True,0.354989,0.558348,0.07509263742805475,1.4909840945241757,0.0,-0.59718,0.234458,PASS,False,False,False,False,False,False
seed2,seed2_row17294,1.3274884702323584,30.0,64.2449353796446,False,20.292958,True,0.274718,0.569735,0.34611548660273,1.1214436908994692,0.0,-0.970818,0.28077,PASS,False,False,False,False,False,False
seed2,seed2_row32160,1.3190155091942468,31.0,67.45376413570276,False,23.784021,False,0.210211,0.518518,1.3730129602934267,-0.31537764442739974,0.0,-1.323655,0.074108,PASS,False,False,False,False,False,False
seed2,seed2_row4328,1.3153318434050354,32.0,66.93248371335504,False,23.426117,False,0.315794,0.660272,1.2061914844565944,-0.1680746300736558,0.0,-0.77317,0.664508,PASS,False,False,False,False,False,False
seed2,seed2_row28769,1.2890384330458151,33.0,62.42246933769419,False,18.593109,True,0.37797,0.690126,-0.23711469382764191,1.8210527526763671,0.0,-0.498172,0.800709,PASS,True,True,True,True,True,False
seed2,seed2_row21201,1.2698926563473498,34.0,67.55847266881028,False,24.127309,False,0.208516,0.602407,1.4065220492153503,-0.45666513266857206,0.0,-1.333893,0.415503,PASS,False,False,False,False,False,False
seed2,seed2_row47381,1.2469446790624026,35.0,67.19966046887632,False,23.788161,False,0.223555,0.550706,1.2916940637873513,-0.3170815496070693,0.0,-1.245069,0.203523,PASS,False,False,False,False,False,False
seed2,seed2_row11656,1.2434272279296112,36.0,66.030632,False,22.640757,True,0.350939,0.559785,0.9175786239730117,0.15515700565228513,0.0,-0.614914,0.240291,PASS,False,False,False,False,False,False
seed2,seed2_row92074,1.2156410967957556,37.0,63.98727124183007,False,20.479667,True,0.30618,0.644551,0.2636571591887517,1.0445996251528626,0.0,-0.818041,0.595172,PASS,False,False,False,False,False,False
seed2,seed2_row21240,1.2033195574022133,38.0,66.154928,False,22.752278,True,0.212599,0.528515,0.9573561434647831,0.1092581627677576,0.0,-1.309332,0.114186,PASS,False,False,False,False,False,False
seed2,seed2_row52218,1.193462990896514,39.0,65.73969820554649,False,22.490643,True,0.259926,0.695771,0.8244732571093206,0.2169396196959906,0.0,-1.046351,0.82724,PASS,False,False,False,False,False,False
seed2,seed2_row6677,1.1894971210305658,40.0,65.17801458670989,False,21.964499,True,0.406591,0.596791,0.6447218484036401,0.43348538946703685,0.0,-0.378074,0.39211,PASS,False,False,False,False,False,False
seed2,seed2_row81281,1.1747658557858114,41.0,66.28340579710144,False,23.007092,True,0.220117,0.53595,0.9984719322147213,0.0043840336729861215,0.0,-1.264985,0.144051,PASS,False,False,False,False,False,False
seed2,seed2_row81661,1.1545530347745112,42.0,63.64011513157894,False,20.280325,True,0.282813,0.642498,0.15255938498683094,1.1266430711252573,0.0,-0.930549,0.586225,PASS,True,True,True,True,True,False
seed2,seed2_row8674,1.147367837525545,43.0,66.55665865384614,False,23.442594,False,0.272863,0.509946,1.0859190007876813,-0.17485609037448063,0.0,-0.980147,0.03979,PASS,False,False,False,False,False,False
seed2,seed2_row93071,1.1457635086322753,44.0,64.84625707356508,False,21.516575,True,0.204843,0.56636,0.538551972094997,0.6178380521961119,0.0,-1.356297,0.267017,PASS,False,False,False,False,False,False
seed2,seed2_row1458,1.135610317181524,45.0,65.8514955537591,False,22.663991,True,0.201412,0.565098,0.8602509265247097,0.14559455808116353,0.0,-1.377494,0.26188,PASS,False,False,False,False,False,False
seed2,seed2_row11025,1.13552191068668,46.0,64.01767799352751,False,20.668873,True,0.247358,0.556085,0.2733880045765873,0.966727865871561,0.0,-1.112755,0.225288,PASS,False,False,False,False,False,False
seed2,seed2_row2009,1.131073418050224,47.0,65.07478017585932,False,21.818671,True,0.218043,0.542616,0.6116845118052759,0.4935040089213546,0.0,-1.277109,0.170879,PASS,False,False,False,False,False,False
seed2,seed2_row78566,1.0993709563748186,48.0,67.13324149108591,False,24.636066,False,0.605081,0.568233,1.2704384949542322,-0.6660549122563053,0.0,0.426681,0.274645,PASS,False,False,False,False,False,False
seed2,seed2_row24387,1.0971599543134989,49.0,65.42090090090092,False,22.340256,True,0.20079,0.596439,0.7224509394203902,0.27883459270444094,0.0,-1.381364,0.390648,PASS,False,False,False,False,False,False
seed2,seed2_row42964,1.0966033721297166,50.0,64.54205764611689,False,21.436906,True,0.324802,0.512611,0.44120130389403917,0.6506275260509679,0.0,-0.73179,0.050455,PASS,False,False,False,False,False,False
seed2,seed2_row38148,1.0820678097484775,51.0,67.16506493506492,False,24.431936,False,0.266993,0.643879,1.280622713780021,-0.5820408629022052,0.0,-1.009934,0.592239,PASS,False,False,False,False,False,False
seed2,seed2_row37485,1.069402051958138,52.0,66.59299918500408,False,23.784123,False,0.282406,0.539626,1.0975487892480982,-0.3154196246999431,0.0,-0.932559,0.158838,PASS,False,False,False,False,False,False
seed2,seed2_row87829,1.0372173425915285,53.0,63.92278177458033,False,20.871263,True,0.228221,0.536655,0.24301907718659085,0.8834299505784823,0.0,-1.218382,0.146883,PASS,False,False,False,False,False,False
seed2,seed2_row7978,1.015634343300869,54.0,66.81734860883799,False,24.410742,False,0.401909,0.635193,1.169345657848223,-0.5733180207819343,0.0,-0.397516,0.554559,PASS,False,False,False,False,False,False
seed2,seed2_row11541,1.0138068939112825,55.0,63.23181300813008,False,20.433436,True,0.383209,0.662059,0.021893509383284684,1.06362697789714,0.0,-0.47595,0.672482,PASS,False,False,False,False,False,False
seed2,seed2_row4324,0.9859429499102443,56.0,65.57636437246964,False,23.057392,True,0.36771,0.574249,0.7722027517923352,-0.01631800268870128,0.0,-0.542055,0.29921,PASS,False,False,False,False,False,False
seed2,seed2_row11566,0.9843712404328807,57.0,65.60085760517799,False,23.051863,True,0.328676,0.577785,0.7800411379147603,-0.014042424974113734,0.0,-0.714181,0.313688,PASS,False,False,False,False,False,False
seed2,seed2_row8964,0.9681636621561183,58.0,64.0524348534202,False,21.340185,True,0.229615,0.657318,0.2845109825634404,0.6904351137038255,0.0,-1.210488,0.651365,PASS,False,False,False,False,False,False
seed2,seed2_row86547,0.9670244686996582,59.0,67.05672343876724,False,24.587017,False,0.220049,0.535831,1.2459509948128078,-0.6458677515902137,0.0,-1.265381,0.143569,PASS,False,False,False,False,False,False
seed2,seed2_row29987,0.9616501666475559,60.0,64.94239288601455,False,22.291908,True,0.227619,0.574668,0.5693175973248168,0.29873324188962735,0.0,-1.221806,0.300923,PASS,False,False,False,False,False,False
seed2,seed2_row21678,0.9501097375113037,61.0,66.29403395311238,False,23.810534,False,0.225969,0.544243,1.0018731815138675,-0.3262896342893768,0.0,-1.231215,0.177434,PASS,False,False,False,False,False,False
seed2,seed2_row5587,0.9440423246746392,62.0,66.03226612903227,False,23.696685,False,0.355402,0.574615,0.9181015820684704,-0.27943265341975876,0.0,-0.595379,0.300704,PASS,False,False,False,False,False,False
seed2,seed2_row24190,0.913438983298478,63.0,62.73581847649919,False,20.237472,True,0.42701,0.605879,-0.13683591191554778,1.1442801360200368,0.0,-0.294062,0.430023,PASS,False,False,False,False,False,False
seed2,seed2_row45521,0.9105553666083921,64.0,65.28074373484236,False,22.824392,True,0.220656,0.555282,0.6775974895522877,0.07957811008014912,0.0,-1.261848,0.222036,PASS,False,False,False,False,False,False
seed2,seed2_row72413,0.8758981958036721,65.0,63.37052588996764,False,20.794127,True,0.213892,0.52411,0.06628475577136732,0.9151769143318641,0.0,-1.301622,0.096513,PASS,False,False,False,False,False,False
seed2,seed2_row5561,0.8513499195220497,66.0,67.10747596153847,False,25.143996,False,0.297172,0.562892,1.2621929451876333,-0.8751043223794049,0.0,-0.860801,0.252909,PASS,False,False,False,False,False,False
seed2,seed2_row83750,0.8277359359573457,67.0,67.13510137875102,False,25.124371,False,0.200025,0.518069,1.2710337008969113,-0.8670272356279508,0.0,-1.386137,0.072308,PASS,False,False,False,False,False,False
seed2,seed2_row36505,0.8266124486638081,68.0,66.77613397901534,False,24.748976,False,0.207292,0.535183,1.1561560480368336,-0.7125254276757508,0.0,-1.341328,0.140963,PASS,False,False,False,False,False,False
seed2,seed2_row25720,0.8168801229098268,69.0,63.2876759410802,False,21.011636,True,0.212753,0.676619,0.03977090611601064,0.8256564525625946,0.0,-1.308408,0.738276,PASS,False,False,False,True,False,False
seed2,seed2_row47333,0.8110686636254306,70.0,64.65334928229666,False,22.47371,True,0.22917,0.543822,0.4768171340688796,0.22390875650935865,0.0,-1.213004,0.175738,PASS,False,False,False,False,False,False
seed2,seed2_row79544,0.8032197865112845,71.0,65.92403594771241,False,24.058477,False,0.32739,0.606862,0.8834654864012854,-0.4283358569857157,0.0,-0.720012,0.434142,PASS,False,False,False,False,False,False
seed2,seed2_row23897,0.7798238191941883,72.0,65.64127331711273,False,23.704206,False,0.239848,0.56332,0.7929750760081663,-0.28252808116282563,0.0,-1.153512,0.254647,PASS,False,False,False,False,False,False
seed2,seed2_row44253,0.7724304323835085,73.0,67.6052780016116,False,25.907885,False,0.2064,0.608295,1.4215008098981,-1.1894991107351307,0.0,-1.346761,0.440152,PASS,False,False,False,False,False,False
seed2,seed2_row42414,0.7580912763973453,74.0,63.54757502027575,False,21.468464,True,0.227978,0.60203,0.12294446510901363,0.6376391589833309,0.0,-1.219761,0.413931,PASS,False,False,False,False,False,False
seed2,seed2_row87314,0.7500215503430175,75.0,65.86179757085021,False,24.028708,False,0.208202,0.576359,0.8635478040239584,-0.41608379097277265,0.0,-1.335796,0.307845,PASS,False,False,False,False,False,False
seed2,seed2_row55584,0.7383248755828556,76.0,64.12395631067962,False,22.306416,True,0.378965,0.561512,0.30739945974867994,0.29276216547739387,0.0,-0.493945,0.2473,PASS,False,False,False,False,False,False
seed2,seed2_row9880,0.7303631748259823,77.0,63.22722448979591,False,21.284464,True,0.248847,0.679631,0.02042508017014871,0.7133682780797623,0.0,-1.104772,0.752076,PASS,False,False,False,False,False,False
seed2,seed2_row70493,0.7045708465160713,78.0,60.92151050080776,False,18.679877,True,0.214677,0.53942,-0.7174553274006925,1.7853415341668055,0.0,-1.296963,0.158006,PASS,False,False,False,False,False,False
seed2,seed2_row85111,0.7033935434161713,79.0,63.621312803889786,False,21.720497,True,0.225746,0.576954,0.14654221664556585,0.5339096096722935,0.0,-1.232488,0.310282,PASS,False,False,False,False,False,False
seed2,seed2_row2711,0.6994590723205782,80.0,68.58412660256411,False,27.295567,False,0.291671,0.548219,1.7347544085970252,-1.7606291946806387,0.0,-0.887283,0.193476,PASS,False,False,False,False,False,False
seed2,seed2_row19128,0.696090601380515,81.0,64.11422950819673,False,22.387913,True,0.255227,0.668908,0.30428666387949926,0.2592203392871655,0.0,-1.070924,0.703251,PASS,False,False,False,False,False,False
seed2,seed2_row17028,0.6849695337934573,82.0,63.04379705400982,False,21.157412,True,0.211717,0.618844,-0.03827583057763596,0.7656592348158476,0.0,-1.314607,0.484644,PASS,False,False,False,False,False,False
seed2,seed2_row19901,0.6814450892966261,83.0,64.07191283292978,False,22.432062,True,0.346066,0.59073,0.29074437470480424,0.24104987798831692,0.0,-0.636376,0.366985,PASS,False,False,False,False,False,False
seed2,seed2_row22503,0.6807885166770398,84.0,67.6501297648013,False,26.330328,False,0.306745,0.536329,1.4358543843053138,-1.3633645251832487,0.0,-0.815383,0.145571,PASS,True,True,True,True,True,False
seed2,seed2_row52214,0.671584076619902,85.0,63.3023572593801,False,21.502708,True,0.228657,0.61018,0.044469258636117136,0.623545311405407,0.0,-1.215911,0.44807,PASS,False,False,False,False,False,False
seed2,seed2_row2209,0.6633883601408599,86.0,64.96996776792909,False,23.338632,True,0.217098,0.562823,0.5781421806005388,-0.13206831494239854,0.0,-1.28266,0.252628,PASS,False,False,False,False,False,False
seed2,seed2_row93959,0.6516403103758502,87.0,65.78517956903433,False,24.315945,False,0.282612,0.5092,0.8390283177922854,-0.5343022963091931,0.0,-0.931541,0.036804,PASS,False,False,False,False,False,False
seed2,seed2_row44746,0.6354373466382073,88.0,64.3178606158833,False,22.822221,True,0.275204,0.635464,0.3694532046783481,0.08047163137122736,0.0,-0.968378,0.555729,PASS,False,False,False,False,False,False
seed2,seed2_row75578,0.6315775160044066,89.0,64.73277597402597,False,23.248269,True,0.248939,0.605373,0.5022354643323597,-0.09487749761136159,0.0,-1.104278,0.427903,PASS,False,False,False,False,False,False
seed2,seed2_row16723,0.6155609236472122,90.0,64.24996006389775,False,22.725464,True,0.21086,0.601868,0.3477234987336065,0.12029403559086536,0.0,-1.319751,0.413255,PASS,False,False,False,False,False,False
seed2,seed2_row25181,0.6154571031934196,91.0,67.70165071770334,False,26.643319,False,0.330299,0.542765,1.4523422496291813,-1.492182637765374,0.0,-0.706831,0.171478,PASS,False,False,False,False,False,False
seed2,seed2_row97140,0.6096853772342867,92.0,65.62864667747164,False,24.479836,False,0.425289,0.571965,0.7889342669359567,-0.6017551281452429,0.0,-0.301097,0.289871,PASS,False,False,False,False,False,False
seed2,seed2_row34178,0.6016548418654157,93.0,64.56970161290323,False,23.068043,True,0.205292,0.522552,0.4500479958847197,-0.020701648599005813,0.0,-1.353543,0.090268,PASS,False,False,False,False,False,False
seed2,seed2_row89096,0.5918069411433758,94.0,64.15917348608838,False,22.761545,True,0.231729,0.649038,0.3186697490682646,0.10544413153587325,0.0,-1.198575,0.614815,PASS,True,True,True,True,True,False
seed2,seed2_row20478,0.5661336670580379,95.0,64.47757551020408,False,23.326827,True,0.322539,0.689266,0.4205655680848185,-0.1272097157525437,0.0,-0.742129,0.796689,PASS,False,False,False,False,False,False
seed2,seed2_row2136,0.5621938094094365,96.0,62.16967689822294,False,20.578678,True,0.203833,0.581816,-0.31801396804756865,1.0038495392242932,0.0,-1.362507,0.330234,PASS,False,False,False,False,False,False
seed2,seed2_row14769,0.5257451813342342,97.0,67.47344939271254,False,26.682776,False,0.285343,0.583625,1.3793126859033191,-1.5084220065272642,0.0,-0.918109,0.337671,PASS,False,False,False,False,False,False
seed2,seed2_row51005,0.5120972925874487,98.0,63.31345998383185,False,22.345449,True,0.520502,0.571181,0.04802238052492357,0.2766973029464646,0.0,0.082052,0.286671,PASS,False,False,False,False,False,False
seed2,seed2_row34629,0.4887826222674765,99.0,62.24904607922394,False,21.005951,True,0.243771,0.64334,-0.2926140425124497,0.8279962353998945,0.0,-1.132112,0.58989,PASS,False,False,False,False,False,False
seed2,seed2_row23657,0.4885053962681675,100.0,65.33257881972514,False,24.36019,False,0.230927,0.559,0.6941858841851196,-0.5525122684527888,0.0,-1.203086,0.237104,PASS,False,False,False,False,False,False
seed2,seed2_row92988,0.47592006440024914,101.0,64.18122950819672,False,23.188777,True,0.231189,0.650549,0.3257281729059232,-0.07039229786524866,0.0,-1.201612,0.621454,PASS,False,False,False,False,False,False
seed2,seed2_row88239,0.4741471614735299,102.0,68.11668815471394,False,27.488937,False,0.210295,0.570227,1.585163577270487,-1.8402147368527961,0.0,-1.323147,0.282778,PASS,False,False,False,False,False,False
seed2,seed2_row89575,0.4703751551654999,103.0,64.1078306451613,False,23.063583,True,0.214359,0.585174,0.3022388835879618,-0.018866040603517004,0.0,-1.298849,0.344049,PASS,False,False,False,False,False,False
seed2,seed2_row52073,0.4617504043682539,104.0,65.81624595469255,False,25.09454,False,0.302849,0.601251,0.8489702609043627,-0.8547496521944413,0.0,-0.833769,0.410682,PASS,False,False,False,False,False,False
seed2,seed2_row94446,0.4574825900998845,105.0,61.87812145748989,False,20.621433,True,0.207301,0.581168,-0.41131827572191676,0.986252808316859,0.0,-1.341274,0.327568,PASS,False,False,False,False,False,False
seed2,seed2_row17583,0.44603860781912813,106.0,61.49421647819063,False,20.295121,True,0.265073,0.581529,-0.5341765157060215,1.1205534621787854,0.0,-1.019765,0.329053,PASS,False,False,False,False,False,False
seed2,seed2_row93789,0.44195037167974704,107.0,63.42887358184766,False,22.477005,True,0.291308,0.569069,0.08495733132534708,0.22255262907771423,0.0,-0.889039,0.278053,PASS,False,False,False,False,False,False
seed2,seed2_row62636,0.4141828155247398,108.0,65.94302907915994,False,25.283913,False,0.228176,0.545347,0.8895437162426634,-0.932690143882748,0.0,-1.218642,0.181887,PASS,False,False,False,False,False,False
seed2,seed2_row77073,0.4123209067610323,109.0,65.49798224374496,False,24.770186,False,0.20436,0.543863,0.7471187052168008,-0.7212548549368122,0.0,-1.359265,0.175905,PASS,False,False,False,False,False,False
seed2,seed2_row27791,0.40258984584662727,110.0,63.40260129659643,False,22.559668,True,0.286838,0.540086,0.07654960831998715,0.1885309107523431,0.0,-0.910793,0.160689,PASS,False,False,False,False,False,False
seed2,seed2_row79803,0.39655740326152794,111.0,63.91368292682927,False,23.217455,True,0.294453,0.628255,0.24010724097488229,-0.08219533959050625,0.0,-0.873853,0.524736,PASS,False,False,False,False,False,False
seed2,seed2_row12107,0.3854632602393555,112.0,63.369558101473,False,22.623355,True,0.252012,0.651306,0.06597504165579235,0.16231916940509022,0.0,-1.087911,0.624785,PASS,False,False,False,False,False,False
seed2,seed2_row16856,0.38295790502266025,113.0,66.18551118210863,False,25.674234,False,0.237172,0.549987,0.9671434505579025,-1.0933350650503462,0.0,-1.168245,0.200618,PASS,False,False,False,False,False,False
seed2,seed2_row33724,0.3649894098005163,114.0,62.7372972972973,False,22.005725,True,0.261249,0.657074,-0.13636265595299257,0.4165179510764412,0.0,-1.039488,0.650282,PASS,False,False,False,False,False,False
seed2,seed2_row14952,0.35337744839667884,115.0,67.17593924860113,False,26.893347,False,0.27406,0.518088,1.2841027390314055,-1.5950869866210382,0.0,-0.974118,0.072385,PASS,False,False,False,False,False,False
seed2,seed2_row68450,0.3439478509180406,116.0,63.32654159869494,False,22.750786,True,0.285383,0.646068,0.05220879191547839,0.10987222714651736,0.0,-0.917917,0.601801,PASS,False,False,False,False,False,False
seed2,seed2_row23482,0.3376471708488989,117.0,64.40374492282697,False,23.875777,False,0.242649,0.575568,0.3969381172538858,-0.35314178057855267,0.0,-1.138211,0.304607,PASS,False,False,False,False,False,False
seed2,seed2_row8296,0.3221755278685158,118.0,62.75132029339853,False,22.110585,True,0.240537,0.602685,-0.1318749813637096,0.3733605846174648,0.0,-1.149738,0.416664,PASS,False,False,False,False,False,False
seed2,seed2_row4010,0.3213059458882289,119.0,62.05057864710676,False,21.382492,True,0.264227,0.63525,-0.35612809082874913,0.6730227667385401,0.0,-1.024112,0.554806,PASS,False,False,False,False,False,False
seed2,seed2_row11292,0.3173655633942041,120.0,64.3378337330136,False,24.057083,False,0.429046,0.561201,0.3758450520102139,-0.4277621265942998,0.0,-0.285746,0.246037,PASS,False,False,False,False,False,False
seed2,seed2_row22064,0.31494299463360054,121.0,67.24174474959612,False,27.084682,False,0.227757,0.565692,1.3051619814727895,-1.6738349811988416,0.0,-1.221018,0.264297,PASS,False,False,False,False,False,False
seed2,seed2_row12278,0.3125838563699535,122.0,65.82996761133603,False,25.633579,False,0.302208,0.610909,0.8533615000801651,-1.076602633871731,0.0,-0.836803,0.451134,PASS,False,False,False,False,False,False
seed2,seed2_row79243,0.3058427377396753,123.0,63.57095546558705,False,22.994561,True,0.225676,0.505171,0.1304267342013126,0.0095414336262324,0.0,-1.23289,0.020686,PASS,False,False,False,False,False,False
seed2,seed2_row59946,0.29717040888559554,124.0,63.85233884297521,False,23.564788,False,0.340268,0.661088,0.2204757525021261,-0.22514763373790084,0.0,-0.662098,0.668147,PASS,False,False,False,False,False,False
seed2,seed2_row33769,0.2900903460107098,125.0,62.93807849550288,False,22.696403,True,0.45051,0.672336,-0.07210815037595515,0.1322547091238071,0.0,-0.198612,0.718769,PASS,False,False,False,False,False,False
seed2,seed2_row85392,0.284424202136444,126.0,67.46696326530612,False,27.482142,False,0.206135,0.657697,1.3772369790476284,-1.8374181098731208,0.0,-1.348384,0.65305,PASS,False,False,False,False,False,False
seed2,seed2_row80722,0.2755404563213064,127.0,64.11764181523502,False,23.779973,False,0.260523,0.558015,0.3053786789864009,-0.31371160380727786,0.0,-1.04325,0.233111,PASS,False,False,False,False,False,False
seed2,seed2_row6969,0.27509202038186403,128.0,61.39756669361359,False,20.868715,True,0.350746,0.579199,-0.5651066235927488,0.884478634249447,0.0,-0.615763,0.319486,PASS,False,False,False,False,False,False
seed2,seed2_row49363,0.27107574477584606,129.0,62.31205645161291,False,21.726961,True,0.207288,0.547321,-0.272449304179067,0.531249212792733,0.0,-1.341352,0.189853,PASS,False,False,False,False,False,False
seed2,seed2_row7801,0.27104032285680957,130.0,61.24607922392885,False,20.584331,True,0.256967,0.532351,-0.6135860258111933,1.0015229266685755,0.0,-1.061792,0.129584,PASS,False,False,False,False,False,False
seed2,seed2_row32973,0.26811724405660786,131.0,61.58342904019689,False,21.043847,True,0.255406,0.642212,-0.5056264865488898,0.8123993294364252,0.0,-1.069982,0.584977,PASS,False,False,False,False,False,False
seed2,seed2_row79330,0.2664431994424005,132.0,64.9666961414791,False,24.719826,False,0.231787,0.550908,0.5770951864504121,-0.7005281242971595,0.0,-1.198246,0.204339,PASS,False,False,False,False,False,False
seed2,seed2_row97070,0.26160579305502285,133.0,62.35855392156862,False,21.958624,True,0.266435,0.67056,-0.257569066540838,0.4359033708512298,0.0,-1.012786,0.71072,PASS,False,False,False,False,False,False
seed2,seed2_row32821,0.2525844355171301,134.0,64.34903954802259,False,24.060777,False,0.224188,0.531973,0.3794311651992254,-0.4292824709744218,0.0,-1.241423,0.128069,PASS,False,False,False,False,False,False
seed2,seed2_row69525,0.23924414916833786,135.0,62.87285598705502,False,22.479058,True,0.230156,0.539914,-0.09298082207164096,0.22170767319996978,0.0,-1.207433,0.159996,PASS,False,False,False,False,False,False
seed2,seed2_row84689,0.23764291374523389,136.0,62.9155275974026,False,22.578426,True,0.23542,0.598872,-0.0793249456770166,0.18081065631750073,0.0,-1.177954,0.400769,PASS,False,False,False,False,False,False
seed2,seed2_row38361,0.2330301423636025,137.0,62.94689516129032,False,22.67898,True,0.316053,0.549515,-0.06928661874812785,0.1394255158739005,0.0,-0.771972,0.198711,PASS,False,False,False,False,False,False
seed2,seed2_row44062,0.2208028370891874,138.0,62.41217252396167,False,22.129302,True,0.317005,0.550756,-0.24040990613494306,0.3656572046059007,0.0,-0.767571,0.203727,PASS,False,False,False,False,False,False
seed2,seed2_row61012,0.21823416137935742,139.0,64.34481810832659,False,24.423008,False,0.46582,0.526322,0.3780802094179385,-0.5783663543408302,0.0,-0.136934,0.105387,PASS,False,False,False,False,False,False
seed2,seed2_row55595,0.21552801604433883,140.0,62.99542414355628,False,22.811156,True,0.242387,0.685251,-0.05375625141531016,0.08502566779949855,0.0,-1.139636,0.778009,PASS,True,True,True,True,True,False
seed2,seed2_row26908,0.20799643055198352,141.0,60.47084882780922,False,19.975873,True,0.275171,0.553798,-0.8616772129150589,1.2519467763814893,0.0,-0.968545,0.216029,PASS,False,False,False,False,False,False
seed2,seed2_row11423,0.20254315758087554,142.0,66.73773279352227,False,27.325213,False,0.63114,0.551579,1.1438668037775026,-1.772830637423753,0.0,0.537112,0.207054,PASS,False,False,False,False,False,False
seed2,seed2_row56348,0.18386931179769894,143.0,66.41019952114925,False,26.601015,False,0.255056,0.503219,1.0390487796574885,-1.4747715255139853,0.0,-1.071826,0.012874,PASS,False,False,False,False,False,False
seed2,seed2_row87565,0.1767301413082027,144.0,65.66776412776413,False,25.890842,False,0.240267,0.654683,0.801452732063379,-1.1824847010788233,0.0,-1.151215,0.639688,PASS,False,False,False,False,False,False
seed2,seed2_row29246,0.1586295045122167,145.0,64.21264800000002,False,24.262997,False,0.226046,0.568951,0.3357827979148339,-0.512510419146596,0.0,-1.230772,0.277573,PASS,False,False,False,False,False,False
seed2,seed2_row20232,0.15596842037463918,146.0,63.20329011345219,False,23.310565,True,0.39261,0.548908,0.012765540671406884,-0.12051674328109671,0.0,-0.436354,0.196258,PASS,False,False,False,False,False,False
seed2,seed2_row30059,0.15362924639291006,147.0,68.34995951417005,False,28.995379,False,0.337921,0.572967,1.6598156662165304,-2.460223028319458,0.0,-0.672572,0.293965,PASS,False,False,False,False,False,False
seed2,seed2_row34366,0.144891075005656,148.0,64.21084210526315,False,24.336929,False,0.271821,0.540985,0.33520487092526385,-0.5429387084565827,0.0,-0.985404,0.164309,PASS,False,False,False,False,False,False
seed2,seed2_row6513,0.1406197055561914,149.0,65.43718218623482,False,25.807698,False,0.350259,0.558331,0.7276613174270873,-1.1482650169584228,0.0,-0.6179,0.23439,PASS,False,False,False,False,False,False
seed2,seed2_row63348,0.13933516773632532,150.0,64.45518699186991,False,24.650996,False,0.244544,0.615555,0.4134007379661563,-0.6721996717569014,0.0,-1.127928,0.470726,PASS,False,False,False,False,False,False
seed2,seed2_row84315,0.13774108913377087,151.0,63.92198854337153,False,24.145759,False,0.284071,0.673678,0.2427652253340022,-0.4642586231431876,0.0,-0.924355,0.724869,PASS,False,False,False,False,False,False
seed2,seed2_row65108,0.13617984518397994,152.0,62.88293835068054,False,23.045164,True,0.405356,0.561135,-0.08975423862859129,-0.01128530883918397,0.0,-0.383198,0.245771,PASS,False,False,False,False,False,False
seed2,seed2_row89587,0.1312784121709552,153.0,63.0563128038898,False,23.069335,True,0.229715,0.557489,-0.03427050872652997,-0.021233398717878334,0.0,-1.209924,0.230976,PASS,False,False,False,False,False,False
seed2,seed2_row21193,0.10772929550981436,154.0,65.17209208400648,False,25.698547,False,0.420927,0.554819,0.6428265141473078,-1.1033415980535621,0.0,-0.318969,0.220162,PASS,False,False,False,False,False,False
seed2,seed2_row25311,0.10230236467299199,155.0,64.92757328990228,False,25.377952,False,0.327845,0.596748,0.5645749927903536,-0.9713938973105167,0.0,-0.717947,0.391933,PASS,True,True,True,True,True,False
seed2,seed2_row9558,0.09826788840114337,156.0,63.79169902912622,False,23.983229,False,0.223016,0.542248,0.20106964629311344,-0.39736593984567153,0.0,-1.248174,0.169394,PASS,False,False,False,False,False,False
seed2,seed2_row26661,0.09478156330068041,157.0,63.63274050121262,False,23.823044,False,0.234963,0.530501,0.15019933717241477,-0.3314383912453348,0.0,-1.180496,0.122156,PASS,False,False,False,False,False,False
seed2,seed2_row81602,0.08051888939742803,158.0,62.68624595469255,False,22.856984,True,0.24766,0.563031,-0.15270023540479766,0.06616417828889389,0.0,-1.111134,0.253471,PASS,False,False,False,False,False,False
seed2,seed2_row80270,0.07917848846586574,159.0,61.48196734693877,False,21.62742,True,0.259836,0.69386,-0.5380965135911365,0.5722174315100033,0.0,-1.04682,0.818228,PASS,False,False,False,False,False,False
seed2,seed2_row62704,0.06868968645454447,160.0,64.3647312703583,False,24.976421,False,0.402515,0.638885,0.38445286976790366,-0.8061352618762275,0.0,-0.394996,0.570529,PASS,False,False,False,False,False,False
seed2,seed2_row64477,0.056936434789680315,161.0,65.25956168831169,False,25.833991,False,0.24783,0.615646,0.6708187575838472,-1.1590864611345242,0.0,-1.110217,0.471108,PASS,False,False,False,False,False,False
seed2,seed2_row23135,0.05630654497170033,162.0,64.16317704122878,False,24.661142,False,0.316236,0.574738,0.3199509768843943,-0.6763754741609914,0.0,-0.771126,0.301207,PASS,False,False,False,False,False,False
seed2,seed2_row51350,0.040233334290909445,163.0,62.96008210180624,False,23.50819,False,0.357031,0.69744,-0.06506650077643994,-0.201853521332358,0.0,-0.588274,0.835137,PASS,False,False,False,False,False,False
seed2,seed2_row70198,0.0041211416635384135,164.0,64.65266990291262,False,25.271932,False,0.217258,0.558877,0.4765997173644731,-0.9277591081441924,0.0,-1.281717,0.236606,PASS,False,False,False,False,False,False
seed2,seed2_row3304,-0.001823211334258279,165.0,64.28519152404238,False,24.976296,False,0.219809,0.687472,0.35899835949040115,-0.8060838154637991,0.0,-1.266783,0.788329,PASS,False,False,False,False,False,False
seed2,seed2_row37695,-0.01500362273171188,166.0,64.54855295068714,False,25.650501,False,0.573893,0.640228,0.4432799476488515,-1.0835672434008048,0.0,0.297753,0.576353,PASS,False,False,False,False,False,False
seed2,seed2_row45785,-0.018988310779446127,167.0,64.44163562753037,False,25.135401,False,0.237161,0.554481,0.409063996163074,-0.871566867060743,0.0,-1.168308,0.218791,PASS,False,False,False,False,False,False
seed2,seed2_row67647,-0.03206680234925441,168.0,62.99692493946731,False,23.606704,False,0.230625,0.608505,-0.05327596292167914,-0.24239905632510758,0.0,-1.204786,0.441032,PASS,False,False,False,False,False,False
seed2,seed2_row69862,-0.035737256421366104,169.0,66.35883964544722,False,27.392803,False,0.327288,0.51959,1.0226124626655293,-1.800648741552708,0.0,-0.720475,0.078401,PASS,False,False,False,False,False,False
seed2,seed2_row71904,-0.05586824872559858,170.0,63.28558367346938,False,23.970059,False,0.209061,0.58337,0.039101333356859974,-0.39194554583208363,0.0,-1.330594,0.336623,PASS,False,False,False,False,False,False
seed2,seed2_row48700,-0.05719775143558099,171.0,64.25416329830234,False,25.055698,False,0.243738,0.538733,0.3490686284116124,-0.838763399781705,0.0,-1.132292,0.155245,PASS,False,False,False,False,False,False
seed2,seed2_row27379,-0.0896316303353902,172.0,62.74383360522023,False,23.538049,False,0.205991,0.663709,-0.13427089020181385,-0.2141426287622519,0.0,-1.349264,0.679869,PASS,False,False,False,False,False,False
seed2,seed2_row68543,-0.09649766558407068,173.0,61.93329073482429,False,22.736655,True,0.375859,0.517129,-0.3936628644092757,0.11568814117886442,0.0,-0.507163,0.068544,PASS,False,False,False,False,False,False
seed2,seed2_row90190,-0.10277370481881476,174.0,64.37088330632089,False,25.333277,False,0.204131,0.583351,0.38642165983689897,-0.9530069495081624,0.0,-1.360671,0.336547,PASS,False,False,False,False,False,False
seed2,seed2_row54814,-0.11396313423019785,175.0,63.00561632653061,False,23.872259,False,0.204957,0.60615,-0.050494523307204754,-0.351693872747133,0.0,-1.355596,0.431158,PASS,False,False,False,False,False,False
seed2,seed2_row85872,-0.13214394794326598,176.0,60.8770588235294,False,21.760227,True,0.355684,0.652706,-0.7316808653052259,0.5175578819456571,0.0,-0.594148,0.630954,PASS,False,False,False,False,False,False
seed2,seed2_row3482,-0.13442924451302124,177.0,63.970388035569925,False,25.038058,False,0.244961,0.579403,0.25825415292872256,-0.8315032820596341,0.0,-1.125668,0.320323,PASS,False,False,False,False,False,False
seed2,seed2_row85288,-0.1444488170234311,178.0,64.10201775625504,False,25.232792,False,0.260537,0.575833,0.30037862821552525,-0.9116502074842233,0.0,-1.043179,0.305689,PASS,False,False,False,False,False,False
seed2,seed2_row75915,-0.15148561650415798,179.0,63.14378356387307,False,24.157298,False,0.201437,0.613333,-0.006277895446983471,-0.46900774436739223,0.0,-1.377335,0.461345,PASS,False,False,False,False,False,False
seed2,seed2_row88482,-0.15224288833743463,180.0,62.99299430431245,False,24.02034,False,0.203782,0.650021,-0.054533854700076864,-0.41263976233908245,0.0,-1.362823,0.619131,PASS,False,False,False,False,False,False
seed2,seed2_row4730,-0.16220201597716594,181.0,66.05526994359387,False,27.457759,False,0.256974,0.572052,0.9254633208380956,-1.8273827668789453,0.0,-1.061756,0.29023,PASS,False,False,False,False,False,False
seed2,seed2_row26006,-0.17484164862533116,182.0,62.640040716612376,False,23.85742,False,0.327601,0.681378,-0.16748695226098087,-0.3455865662347861,0.0,-0.719054,0.760113,PASS,False,False,False,False,False,False
seed2,seed2_row29352,-0.18089887878313926,183.0,61.87634521880065,False,22.882682,True,0.271115,0.55371,-0.41188671210831074,0.05558761903595929,0.0,-0.988975,0.215672,PASS,False,False,False,False,False,False
seed2,seed2_row77001,-0.19545254502267267,184.0,62.20520766773163,False,23.237851,True,0.215712,0.54945,-0.3066433215529951,-0.09058974781382506,0.0,-1.290831,0.198449,PASS,False,False,False,False,False,False
seed2,seed2_row29155,-0.19978892275574256,185.0,65.40115196078432,False,26.8203,False,0.214083,0.576857,0.7161308337819958,-1.565022937911055,0.0,-1.30049,0.309885,PASS,False,False,False,False,False,False
seed2,seed2_row86958,-0.21713782529580744,186.0,64.18008090614886,False,25.589699,False,0.272266,0.584009,0.325360594380893,-1.0585428852524292,0.0,-0.983156,0.339254,PASS,False,False,False,False,False,False
seed2,seed2_row26984,-0.2531826110567813,187.0,62.94379951495554,False,24.246886,False,0.206678,0.546035,-0.07027729529782577,-0.5058795939413651,0.0,-1.345065,0.184662,PASS,False,False,False,False,False,False
seed2,seed2_row62256,-0.2572340113440281,188.0,62.64000808407437,False,24.173021,False,0.433276,0.565579,-0.1674973954081192,-0.4754788799084412,0.0,-0.268499,0.263837,PASS,False,False,False,False,False,False
seed2,seed2_row35751,-0.2631658783399607,189.0,64.5491748366013,False,26.136071,False,0.233743,0.60811,0.44347896514798285,-1.2834139192684908,0.0,-1.187296,0.439376,PASS,True,True,True,True,True,False
seed2,seed2_row77871,-0.2643926855427357,190.0,64.62099673202614,False,26.223824,False,0.225387,0.625995,0.46646358931286186,-1.3195305355079967,0.0,-1.234544,0.515075,PASS,False,False,False,False,False,False
seed2,seed2_row77330,-0.2682866304679784,191.0,61.99576051779936,False,23.304953,True,0.253902,0.559794,-0.37367112686391935,-0.11820700514865586,0.0,-1.077907,0.240327,PASS,False,False,False,False,False,False
seed2,seed2_row39648,-0.27623818489863705,192.0,64.43678657074341,False,26.015624,False,0.245676,0.531179,0.4075121887769935,-1.2338413909651866,0.0,-1.121806,0.124878,PASS,False,False,False,False,False,False
seed2,seed2_row64118,-0.27633099398273764,193.0,64.66324433656958,False,26.319765,False,0.267748,0.573364,0.47998377430036804,-1.359017097547294,0.0,-1.006078,0.295591,PASS,False,False,False,False,False,False
seed2,seed2_row54856,-0.27920895775869004,194.0,66.52254838709678,False,28.332671,False,0.226253,0.545711,1.075002947169766,-2.18747143561208,0.0,-1.229591,0.183357,PASS,False,False,False,False,False,False
seed2,seed2_row51867,-0.30184012943983063,195.0,64.7579854368932,False,26.468073,False,0.212041,0.59142,0.5103030602371199,-1.420056413824215,0.0,-1.312664,0.36984,PASS,False,False,False,False,False,False
seed2,seed2_row61259,-0.3037398804189806,196.0,65.43815533980582,False,27.266467,False,0.282263,0.538326,0.7279727484879323,-1.7486524698670185,0.0,-0.933266,0.153605,PASS,False,False,False,False,False,False
seed2,seed2_row21897,-0.3100702796027517,197.0,61.79143664245359,False,23.185676,True,0.205507,0.578591,-0.43905936891676606,-0.06911601526569375,0.0,-1.352221,0.316991,PASS,False,False,False,False,False,False
seed2,seed2_row63622,-0.31053037729438454,198.0,62.26946442845724,False,23.717474,False,0.238487,0.527977,-0.28607971087975437,-0.2879888091637574,0.0,-1.16099,0.112025,PASS,False,False,False,False,False,False
seed2,seed2_row26742,-0.3357242383703072,199.0,66.1714620355412,False,28.232307,False,0.313275,0.549805,0.9626474072304527,-2.1461644937153714,0.0,-0.784854,0.199883,PASS,False,False,False,False,False,False
seed2,seed2_row17631,-0.34455347169372486,200.0,61.9579307568438,False,23.59271,False,0.308753,0.571229,-0.38577750240117586,-0.23663952756078435,0.0,-0.805956,0.286869,PASS,False,False,False,False,False,False
seed2,seed2_row11124,-0.3496847478225897,201.0,65.88867206477732,False,27.983498,False,0.327735,0.552399,0.8721482473690146,-2.0437618502737207,0.0,-0.718447,0.210368,PASS,False,False,False,False,False,False
seed2,seed2_row22048,-0.37247951436199567,202.0,63.47522764227642,False,25.301292,False,0.210238,0.612737,0.09979167468497087,-0.9398428414956665,0.0,-1.323491,0.458834,PASS,False,False,False,False,False,False
seed2,seed2_row81589,-0.37364854835076633,203.0,62.41987735077677,False,24.183034,False,0.223904,0.664222,-0.23794418801997258,-0.4795999433297054,0.0,-1.243057,0.682165,PASS,False,False,False,False,False,False
seed2,seed2_row34406,-0.3771458079522285,204.0,64.7678352180937,False,26.744186,False,0.204744,0.607817,0.5134552120657596,-1.5336966000256975,0.0,-1.356902,0.438147,PASS,False,False,False,False,False,False
seed2,seed2_row32355,-0.3801009831112191,205.0,61.41175141242938,False,23.027116,True,0.214959,0.593393,-0.5605671940923592,-0.003857270026942617,0.0,-1.295287,0.378008,PASS,False,False,False,False,False,False
seed2,seed2_row93444,-0.3936974734714892,206.0,61.75252450980392,False,23.600401,False,0.306765,0.668243,-0.45151212777416017,-0.2398049224247558,0.0,-0.815285,0.700249,PASS,False,False,False,False,False,False
seed2,seed2_row81193,-0.39467012172220384,207.0,64.57053429027114,False,26.664525,False,0.323051,0.543687,0.4503144713966622,-1.5009104187412374,0.0,-0.739786,0.175193,PASS,False,False,False,False,False,False
seed2,seed2_row69882,-0.41580087065364957,208.0,64.21083870967742,False,26.293968,False,0.270892,0.558038,0.3352037842613502,-1.348399792735714,0.0,-0.990101,0.233204,PASS,False,False,False,False,False,False
seed2,seed2_row54151,-0.4167129850876041,209.0,60.95381144238517,False,22.790597,True,0.388307,0.542361,-0.7071182985888422,0.09348716214462585,0.0,-0.454435,0.169852,PASS,False,False,False,False,False,False
seed2,seed2_row75730,-0.41760522082946816,210.0,62.95992712550608,False,24.890872,False,0.272433,0.527145,-0.06511609668299063,-0.7709257487806822,0.0,-0.982316,0.108688,PASS,False,False,False,False,False,False
seed2,seed2_row16108,-0.41869980900455517,211.0,64.02069410815173,False,26.19355,False,0.377172,0.543724,0.2743532291876302,-1.3070706259888363,0.0,-0.50157,0.175344,PASS,False,False,False,False,False,False
seed2,seed2_row76190,-0.4235733139581068,212.0,63.75818329278183,False,25.787979,False,0.257627,0.534496,0.19034385579526894,-1.1401492425048225,0.0,-1.058341,0.138204,PASS,False,False,False,False,False,False
seed2,seed2_row58329,-0.43664772841033994,213.0,62.52598851517638,False,24.874605,False,0.568674,0.658489,-0.20398622549342385,-0.7642307184527374,0.0,0.276442,0.656566,PASS,False,False,False,False,False,False
seed2,seed2_row1370,-0.4379142043594018,214.0,61.71047889610389,False,23.653284,False,0.286051,0.621686,-0.46496767114237997,-0.26157004745288837,0.0,-0.914641,0.496712,PASS,True,True,True,True,True,False
seed2,seed2_row65192,-0.4402976708374726,215.0,62.97964314679643,False,24.990651,False,0.223886,0.598687,-0.05880652581041982,-0.8119919214672183,0.0,-1.243162,0.399998,PASS,False,False,False,False,False,False
seed2,seed2_row21470,-0.45882830085690257,216.0,64.59712206952304,False,27.000542,False,0.373983,0.587987,0.4588231595880382,-1.6392053720642012,0.0,-0.515167,0.355649,PASS,False,False,False,False,False,False
seed2,seed2_row40708,-0.46059414996011866,217.0,63.132513966480445,False,25.259499,False,0.282413,0.552079,-0.009884420435314645,-0.9226420421782914,0.0,-0.932524,0.209074,PASS,False,False,False,False,False,False
seed2,seed2_row20917,-0.46616623125428713,218.0,62.62200485044463,False,24.664582,False,0.234767,0.555582,-0.17325883565254918,-0.6777912794310542,0.0,-1.181589,0.22325,PASS,False,False,False,False,False,False
seed2,seed2_row16841,-0.4974958389422284,219.0,65.22810483870967,False,27.650887,False,0.21974,0.553192,0.6607518572154187,-1.906868708796639,0.0,-1.267181,0.213576,PASS,False,False,False,False,False,False
seed2,seed2_row46488,-0.5022339239075004,220.0,65.1775325732899,False,27.903085,False,0.448914,0.629953,0.6445675932529575,-2.010666167372083,0.0,-0.205061,0.532017,PASS,True,True,True,True,True,False
seed2,seed2_row67204,-0.537693436237221,221.0,62.43361873990306,False,24.790362,False,0.257495,0.646479,-0.23354663400524212,-0.7295587174742554,0.0,-1.059031,0.603599,PASS,False,False,False,False,False,False
seed2,seed2_row13750,-0.5395636612671794,222.0,64.24714516129033,False,26.739219,False,0.241303,0.566897,0.34682266649979554,-1.531652325381393,0.0,-1.14555,0.269201,PASS,False,False,False,False,False,False
seed2,seed2_row68174,-0.5407656764977415,223.0,62.82995157384988,False,25.171563,False,0.202408,0.628691,-0.10671120062405051,-0.8864501083909873,0.0,-1.371313,0.526603,PASS,False,False,False,False,False,False
seed2,seed2_row78173,-0.5531289824801986,224.0,61.93072181670722,False,24.754051,False,0.750067,0.582829,-0.39448497606592225,-0.7146141520203948,0.0,1.098971,0.334399,PASS,False,False,False,False,False,False
seed2,seed2_row48233,-0.5597478405211231,225.0,60.57184231697505,False,22.728704,True,0.218,0.604684,-0.829357021727605,0.11896054458068839,0.0,-1.277359,0.425019,PASS,False,False,False,False,False,False
seed2,seed2_row63061,-0.5667156801023644,226.0,61.82957894736842,False,24.253853,False,0.340262,0.570908,-0.42685297227318414,-0.5087470111845432,0.0,-0.662128,0.285558,PASS,False,False,False,False,False,False
seed2,seed2_row68360,-0.5752424751462715,227.0,62.99353609083536,False,25.497222,False,0.277056,0.551693,-0.054360470810203655,-1.0204820061943827,0.0,-0.959111,0.207514,PASS,False,False,False,False,False,False
seed2,seed2_row77607,-0.586818815495588,228.0,61.92869529983793,False,24.308508,False,0.246341,0.531407,-0.3951335071068924,-0.5312414405552794,0.0,-1.118226,0.125795,PASS,False,False,False,False,False,False
seed2,seed2_row64956,-0.5882212785124132,229.0,64.70582040816326,False,27.459539,False,0.240756,0.628118,0.49360907614194693,-1.8281153637919434,0.0,-1.148537,0.524152,PASS,False,False,False,False,False,False
seed2,seed2_row76820,-0.6088579123471426,230.0,62.28283171521036,False,24.801813,False,0.228555,0.591838,-0.28180187805026535,-0.7342716204241103,0.0,-1.21649,0.371568,PASS,False,False,False,False,False,False
seed2,seed2_row21140,-0.6195327183292971,231.0,63.452405165456014,False,26.112639,False,0.221651,0.565615,0.09248796807675905,-1.2737699805800804,0.0,-1.256073,0.263981,PASS,False,False,False,False,False,False
seed2,seed2_row62137,-0.6404501707633243,232.0,64.24110751818917,False,27.089693,False,0.273651,0.528461,0.3448904847229001,-1.6758973649803208,0.0,-0.976177,0.113968,PASS,False,False,False,False,False,False
seed2,seed2_row40968,-0.6499527207069993,233.0,64.65351684470009,False,27.675653,False,0.262689,0.681565,0.4768707578119498,-1.9170616835984988,0.0,-1.032039,0.760975,PASS,False,False,False,False,False,False
seed2,seed2_row12466,-0.657016637435706,234.0,60.5050783182193,False,23.03844,True,0.221219,0.666516,-0.8507230050404675,-0.0085179034217694,0.0,-1.258577,0.692468,PASS,False,False,False,True,False,False
seed2,seed2_row93819,-0.6594183663513179,235.0,64.68186102236422,False,27.575131,False,0.213339,0.518106,0.4859415330542176,-1.8756897134364794,0.0,-1.304916,0.072456,PASS,False,False,False,False,False,False
seed2,seed2_row82690,-0.6765098510224135,236.0,60.60454398708636,False,23.173761,True,0.233628,0.58621,-0.8188917507593837,-0.06421214323289963,0.0,-1.187937,0.348322,PASS,False,False,False,False,False,False
seed2,seed2_row35558,-0.6766834648816187,237.0,62.70190437601296,False,25.569854,False,0.311942,0.563429,-0.14768918791104915,-1.0503752528150994,0.0,-0.791058,0.255089,PASS,False,False,False,False,False,False
seed2,seed2_row63478,-0.6776009685413301,238.0,63.89107605177993,False,26.841397,False,0.256694,0.570562,0.2328725317893661,-1.5737058576152805,0.0,-1.063223,0.284145,PASS,False,False,False,False,False,False
seed2,seed2_row17477,-0.6799560217238136,239.0,58.614235486508576,False,21.009557,True,0.242096,0.62346,-1.4558352982297003,0.8265121092941237,0.0,-1.141225,0.50426,PASS,False,False,False,False,False,False
seed2,seed2_row28884,-0.7301352645205405,240.0,64.5486293592863,False,27.867888,False,0.336478,0.614715,0.44330440012151573,-1.9961800923457946,0.0,-0.679029,0.467174,PASS,False,False,False,False,False,False
seed2,seed2_row78300,-0.730920456697491,241.0,64.41458469055375,False,27.794613,False,0.425372,0.586382,0.4004070870681857,-1.9660222053795382,0.0,-0.30076,0.34903,PASS,True,True,True,True,True,False
seed2,seed2_row79279,-0.7649725090287636,242.0,64.14644534412956,False,27.418135,False,0.255479,0.557698,0.3145964569682704,-1.8110746657100487,0.0,-1.0696,0.231825,PASS,False,False,False,False,False,False
seed2,seed2_row67151,-0.7675605015299689,243.0,62.03499192245557,False,25.08104,False,0.241545,0.577638,-0.3611161937735399,-0.8491934396520414,0.0,-1.14423,0.313083,PASS,False,False,False,False,False,False
seed2,seed2_row23544,-0.7738010563883344,244.0,63.27264,False,26.477692,False,0.259728,0.550661,0.03495906631911642,-1.4240153181535011,0.0,-1.047385,0.20334,PASS,False,False,False,False,False,False
seed2,seed2_row64168,-0.7816562459012806,245.0,63.65133768352365,False,27.09979,False,0.341462,0.678957,0.15615085437223516,-1.6800530003907368,0.0,-0.656785,0.748983,PASS,False,False,False,False,False,False
seed2,seed2_row60400,-0.783033045377336,246.0,64.59809484873263,False,28.077193,False,0.306251,0.61792,0.4591344708448016,-2.082324023174482,0.0,-0.817706,0.480731,PASS,False,False,False,False,False,False
seed2,seed2_row76932,-0.7923711789635928,247.0,60.27726758286176,False,23.150374,True,0.205097,0.53969,-0.9236275712865182,-0.05458672525296374,0.0,-1.354739,0.159093,PASS,False,False,False,False,False,False
seed2,seed2_row51107,-0.8017653420125143,248.0,61.85838656838656,False,25.013154,False,0.222048,0.620658,-0.4176338847195978,-0.8212535104184522,0.0,-1.253772,0.492342,PASS,True,True,True,True,True,False
seed2,seed2_row12286,-0.8241538654491603,249.0,64.92995948136144,False,28.446377,False,0.212234,0.55413,0.5653386278009535,-2.2342695617858768,0.0,-1.311511,0.217373,PASS,False,False,False,False,False,False
seed2,seed2_row38309,-0.8260055378693079,250.0,63.093268921095,False,26.577305,False,0.35571,0.576172,-0.022443718866276798,-1.4650131700043305,0.0,-0.594035,0.307077,PASS,False,False,False,False,False,False
seed2,seed2_row80607,-0.8365305556915483,251.0,61.11337694194604,False,24.468557,False,0.372149,0.629288,-0.6560537448703238,-0.5971130154588923,0.0,-0.523007,0.529164,PASS,False,False,False,False,False,False
seed2,seed2_row60199,-0.8605407636920239,252.0,61.87588377723971,False,25.33399,False,0.343843,0.578255,-0.4120343838007607,-0.9533003998446616,0.0,-0.646213,0.315612,PASS,False,False,False,False,False,False
seed2,seed2_row61946,-0.865057869257298,253.0,62.68882544861338,False,26.192307,False,0.228166,0.664792,-0.1518747392527526,-1.3065590428636364,0.0,-1.218694,0.684721,PASS,False,False,False,False,False,False
seed2,seed2_row24131,-0.8800961164009161,254.0,65.11463157894737,False,28.948526,False,0.285588,0.592237,0.6244378583579354,-2.440939678226931,0.0,-0.916911,0.37322,PASS,False,False,False,False,False,False
seed2,seed2_row86646,-0.8838958468669377,255.0,60.511827868852464,False,23.767996,False,0.203787,0.598393,-0.8485629968191934,-0.3087822143539202,0.0,-1.362792,0.398775,PASS,False,False,False,False,False,False
seed2,seed2_row24181,-0.9029033604615844,256.0,60.38784902597403,False,23.858433,False,0.333759,0.637052,-0.8882390188888033,-0.3460034879611161,0.0,-0.69123,0.562591,PASS,False,False,False,False,False,False
seed2,seed2_row63580,-0.937166287688656,257.0,61.628504446240896,False,25.197851,False,0.257079,0.525,-0.4912013413912423,-0.8972694947105908,0.0,-1.061207,0.100082,PASS,False,False,False,False,False,False
seed2,seed2_row62621,-0.939032927418022,258.0,60.18575242718446,False,23.695081,False,0.314475,0.573399,-0.9529144822791991,-0.2787724930554615,0.0,-0.779282,0.295735,PASS,False,False,False,False,False,False
seed2,seed2_row1496,-0.9462723052568006,259.0,65.23617766911165,False,29.285223,False,0.219431,0.651116,0.6633353447666573,-2.5795145000335116,0.0,-1.268986,0.623948,PASS,False,False,False,False,False,False
seed2,seed2_row56868,-0.9573846871766172,260.0,60.8798500394633,False,24.408653,False,0.206569,0.560765,-0.7307876133404296,-0.5724582483374109,0.0,-1.345734,0.244269,PASS,False,False,False,False,False,False
seed2,seed2_row20477,-0.9606924777913437,261.0,63.02941747572815,False,27.007727,False,0.395105,0.565837,-0.04287761949588401,-1.6421625118506569,0.0,-0.425904,0.264886,PASS,False,False,False,False,False,False
seed2,seed2_row54204,-0.9629220909997831,262.0,66.7378525121556,False,30.922357,False,0.214407,0.530845,1.1439051164365646,-3.2533118677662114,0.0,-1.29856,0.123536,PASS,False,False,False,False,False,False
seed2,seed2_row31554,-0.9669438566094867,263.0,62.12943948009748,False,25.984344,False,0.32078,0.611951,-0.33089084810633096,-1.2209674407187938,0.0,-0.750188,0.455519,PASS,False,False,False,False,False,False
seed2,seed2_row22981,-0.969687820817211,264.0,65.27126205787782,False,29.470372,False,0.319322,0.59477,0.6745631393698869,-2.655716514552997,0.0,-0.756891,0.383718,PASS,False,False,False,False,False,False
seed2,seed2_row36904,-0.9837955250947967,265.0,59.26024291497976,False,22.781062,True,0.205016,0.67805,-1.2490983712341288,0.09741149448476015,0.0,-1.355233,0.744826,PASS,False,False,False,False,False,False
seed2,seed2_row60213,-0.9861163913605769,266.0,63.60640800000001,False,27.595506,False,0.239729,0.595227,0.14177234370318115,-1.8840754786625113,0.0,-1.154167,0.385616,PASS,False,False,False,False,False,False
seed2,seed2_row65228,-0.9862236374375173,267.0,61.39707218167072,False,25.204623,False,0.331729,0.547811,-0.5652648785522516,-0.9000566555503796,0.0,-0.700377,0.191829,PASS,False,False,False,False,False,False
seed2,seed2_row38128,-0.9916482123235881,268.0,63.990388663967614,False,27.973345,False,0.209888,0.542194,0.26465480448578593,-2.0395831668705346,0.0,-1.3256,0.169177,PASS,False,False,False,False,False,False
seed2,seed2_row56738,-0.9956833590558245,269.0,65.4061943319838,False,29.659513,False,0.29113,0.563631,0.717744506134059,-2.733561521699834,0.0,-0.889901,0.255914,PASS,False,False,False,False,False,False
seed2,seed2_row21474,-1.0184018929682095,270.0,60.65576104746317,False,24.66814,False,0.400494,0.69715,-0.8025011378880931,-0.6792556501144522,0.0,-0.403405,0.833761,PASS,False,False,False,False,False,False
seed2,seed2_row5293,-1.028412375083738,271.0,62.49025060630558,False,26.437567,False,0.204163,0.555063,-0.21542316124922764,-1.4075010197635864,0.0,-1.360478,0.221147,PASS,False,False,False,False,False,False
seed2,seed2_row59829,-1.0287859439350775,272.0,59.42591653027824,False,23.101143,True,0.205852,0.647824,-1.196079082907815,-0.03432465861037508,0.0,-1.350112,0.609488,PASS,False,False,False,False,False,False
seed2,seed2_row28521,-1.0300014755777753,273.0,62.54797706797707,False,26.674425,False,0.308148,0.639965,-0.19694939335381043,-1.5049849746056643,0.0,-0.80879,0.575212,PASS,False,False,False,False,False,False
seed2,seed2_row24091,-1.0537881751596716,274.0,62.69313566206336,False,26.935892,False,0.329687,0.633096,-0.15049537387075798,-1.612597287555591,0.0,-0.7096,0.545521,PASS,False,False,False,False,False,False
seed2,seed2_row27927,-1.0576337945220673,275.0,62.20932203389831,False,26.301774,False,0.245878,0.600291,-0.30532663171268254,-1.3516125182991212,0.0,-1.120717,0.406677,PASS,False,False,False,False,False,False
seed2,seed2_row77066,-1.0630523504500582,276.0,62.07673486088379,False,26.462943,False,0.485147,0.658613,-0.3477575133093867,-1.4179450530581021,0.0,-0.059431,0.65712,PASS,False,False,False,False,False,False
seed2,seed2_row27485,-1.0644808799338772,277.0,63.61345998383186,False,28.076403,False,0.418758,0.616309,0.14402913735967116,-2.0819988818479263,0.0,-0.327876,0.47391,PASS,False,False,False,False,False,False
seed2,seed2_row65090,-1.0696723084076423,278.0,64.64262815296989,False,29.029688,False,0.217949,0.617987,0.47338613121465,-2.4743436280318463,0.0,-1.277656,0.481014,PASS,False,False,False,False,False,False
seed2,seed2_row73941,-1.0804962910061384,279.0,65.44870161290322,False,30.08513,False,0.357736,0.584742,0.7313477934105165,-2.9087332634523646,0.0,-0.585203,0.342269,PASS,False,False,False,False,False,False
seed2,seed2_row94781,-1.1018972691837763,280.0,61.09422294548413,False,25.284727,False,0.238644,0.709053,-0.662183455139433,-0.9330251629204905,0.0,-1.160127,0.890788,PASS,False,False,False,False,False,False
seed2,seed2_row99436,-1.1054411977485525,281.0,63.32410757946211,False,27.765596,False,0.245397,0.686828,0.05142985094008719,-1.9540796409837713,0.0,-1.123313,0.785332,PASS,False,False,False,False,False,False
seed2,seed2_row96806,-1.1119026987341993,282.0,64.63837551020409,False,29.456042,False,0.447824,0.68299,0.4720251897482441,-2.6498186978320626,0.0,-0.209467,0.767549,PASS,False,False,False,False,False,False
seed2,seed2_row4300,-1.1250297964377112,283.0,68.19965572457966,False,33.113991,False,0.231812,0.512197,1.611715068288045,-4.1553255210367945,0.0,-1.198106,0.048797,PASS,False,False,False,False,False,False
seed2,seed2_row65387,-1.1258914162006886,284.0,63.25142160844842,False,27.80722,False,0.367607,0.577527,0.028168703125391693,-1.9712108847515433,0.0,-0.542496,0.312629,PASS,False,False,False,False,False,False
seed2,seed2_row68942,-1.126099425269085,285.0,62.849261962692616,False,27.253286,False,0.302219,0.520128,-0.10053144127068842,-1.743227548569138,0.0,-0.836752,0.080557,PASS,False,False,False,False,False,False
seed2,seed2_row96025,-1.1336445386462282,286.0,59.98941794664511,False,24.035183,False,0.201723,0.573543,-1.015745938050589,-0.4187487151366273,0.0,-1.375562,0.29632,PASS,False,False,False,False,False,False
seed2,seed2_row45889,-1.139445253013419,287.0,63.36899999999999,False,27.921146,False,0.280266,0.616741,0.06579643661443298,-2.018099556611217,0.0,-0.943145,0.475736,PASS,True,True,True,True,True,False
seed2,seed2_row5085,-1.1481365150765213,288.0,58.17094430992735,False,22.051706,True,0.221193,0.524443,-1.597698458886438,0.39759349115702375,0.0,-1.258728,0.09785,PASS,False,False,False,False,False,False
seed2,seed2_row33778,-1.1550753365803423,289.0,59.60815533980582,False,23.88085,False,0.381546,0.584401,-1.1377585593339246,-0.355229681780597,0.0,-0.482991,0.340866,PASS,False,False,False,False,False,False
seed2,seed2_row62171,-1.1594179913456601,290.0,63.184589641434265,False,27.69152,False,0.260267,0.511177,0.006780968439007028,-1.9235920854066677,0.0,-1.044581,0.044716,PASS,False,False,False,False,False,False
seed2,seed2_row99033,-1.1739808027698362,291.0,58.01344408427877,False,22.301253,True,0.503609,0.583088,-1.6481020784373075,0.2948871080963876,0.0,0.014435,0.335461,PASS,False,False,False,False,False,False
seed2,seed2_row71379,-1.1872321784527673,292.0,63.8627935222672,False,28.534362,False,0.213255,0.571535,0.22382148534403018,-2.2704816625668536,0.0,-1.305414,0.288119,PASS,False,False,False,False,False,False
seed2,seed2_row63803,-1.1887262166020318,293.0,62.410677966101694,False,26.936983,False,0.238726,0.548383,-0.24088819831173758,-1.6130463118432778,0.0,-1.159674,0.194139,PASS,False,False,False,False,False,False
seed2,seed2_row76196,-1.1929380849852584,294.0,61.79441727791361,False,26.293604,False,0.203322,0.639729,-0.43810549843735563,-1.3482499807827184,0.0,-1.365658,0.574189,PASS,False,False,False,False,False,False
seed2,seed2_row73241,-1.1987543239139968,295.0,65.73766801619433,False,30.705874,False,0.272891,0.552522,0.8238235507911179,-3.164213678150164,0.0,-0.980003,0.210864,PASS,False,False,False,False,False,False
seed2,seed2_row3384,-1.2123407910665844,296.0,64.40507692307692,False,29.216885,False,0.213982,0.560361,0.39736438733422025,-2.5513885405725785,0.0,-1.301085,0.242629,PASS,False,False,False,False,False,False
seed2,seed2_row27015,-1.2178496287827538,297.0,65.50492320129345,False,30.595915,False,0.297746,0.633785,0.749339967961996,-3.118957709635357,0.0,-0.858056,0.548488,PASS,False,False,False,False,False,False
seed2,seed2_row73871,-1.2329737640023783,298.0,61.19549352750808,False,26.006439,False,0.47112,0.582538,-0.6297745879964783,-1.2300611085798572,0.0,-0.11565,0.333201,PASS,False,False,False,False,False,False
seed2,seed2_row45743,-1.2349423954774292,299.0,59.53112019623875,False,24.243597,False,0.480065,0.683089,-1.1624115403211674,-0.5045259359375168,0.0,-0.079782,0.768005,PASS,False,False,False,False,False,False
seed2,seed2_row3947,-1.2416783896421488,300.0,63.8703640776699,False,28.745347,False,0.204471,0.60429,0.22624423358286708,-2.357317033178594,0.0,-1.358583,0.423372,PASS,False,False,False,False,False,False
seed2,seed2_row76416,-1.24252470343734,301.0,64.63770531400966,False,29.551997,False,0.206293,0.531472,0.4718107118713465,-2.689311021869552,0.0,-1.347419,0.126054,PASS,False,False,False,False,False,False
seed2,seed2_row79212,-1.253379571334961,302.0,65.42243265306124,False,30.660065,False,0.308901,0.663805,0.7229411346110126,-3.145360008494248,0.0,-0.805264,0.680299,PASS,False,False,False,False,False,False
seed2,seed2_row22540,-1.2542543616086577,303.0,61.09882780921585,False,25.652745,False,0.217696,0.501451,-0.6607097950309381,-1.0844908093967423,0.0,-1.279145,0.005802,PASS,False,False,False,False,False,False
seed2,seed2_row48285,-1.2640929988346066,304.0,60.78176090468498,False,25.473008,False,0.295399,0.584135,-0.7621783457097382,-1.010516218749812,0.0,-0.869306,0.33977,PASS,False,False,False,False,False,False
seed2,seed2_row90918,-1.265169232846433,305.0,60.84299756295695,False,25.511962,False,0.205354,0.671949,-0.7425812358427728,-1.0265485671480858,0.0,-1.353164,0.717012,PASS,False,False,False,False,False,False
seed2,seed2_row42941,-1.2683407692564561,306.0,64.95389294403893,False,30.013823,False,0.213487,0.550925,0.5729978749059242,-2.879385348803401,0.0,-1.304034,0.20441,PASS,False,False,False,False,False,False
seed2,seed2_row6444,-1.2687516336322329,307.0,57.13753056234719,False,21.662554,True,0.460616,0.655238,-1.9284141334651386,0.5577572854755796,0.0,-0.157864,0.642142,PASS,True,True,True,True,True,False
seed2,seed2_row20745,-1.294684622489738,308.0,59.95656752411576,False,24.688421,False,0.342985,0.550003,-1.0262588131429022,-0.6876027276383369,0.0,-0.650022,0.200681,PASS,False,False,False,False,False,False
seed2,seed2_row17519,-1.307537708438487,309.0,62.559315746084096,False,27.615488,False,0.276243,0.637599,-0.19332076098098236,-1.8922994963678634,0.0,-0.963177,0.564957,PASS,False,False,False,False,False,False
seed2,seed2_row37509,-1.3076485119276873,310.0,60.332148562300326,False,25.017126,False,0.204051,0.566112,-0.9060644217938153,-0.8228882716198168,0.0,-1.361163,0.266006,PASS,False,False,False,False,False,False
seed2,seed2_row95719,-1.3083322582784576,311.0,62.79163298302344,False,27.855646,False,0.294103,0.58105,-0.11897401272979816,-1.991141636498085,0.0,-0.87554,0.327083,PASS,False,False,False,False,False,False
seed2,seed2_row76679,-1.314794058383039,312.0,64.19223300970874,False,29.437016,False,0.280367,0.60619,0.3292495412192412,-2.6419881422889717,0.0,-0.942643,0.431325,PASS,False,False,False,False,False,False
seed2,seed2_row36942,-1.3191064392943044,313.0,61.57169464428458,False,26.522443,False,0.311372,0.532836,-0.5093817575320767,-1.442433545374611,0.0,-0.793715,0.131533,PASS,False,False,False,False,False,False
seed2,seed2_row68679,-1.320987712904719,314.0,62.86720647773279,False,28.035319,False,0.350322,0.571337,-0.09478879229742264,-2.065089886581852,0.0,-0.617622,0.287308,PASS,False,False,False,False,False,False
seed2,seed2_row67794,-1.328135298445486,315.0,63.17011336032388,False,28.261266,False,0.231579,0.554505,0.002148232437553862,-2.1580831869757713,0.0,-1.199416,0.21889,PASS,False,False,False,False,False,False
seed2,seed2_row92693,-1.3547891135457324,316.0,61.2979132569558,False,26.409741,False,0.301681,0.644693,-0.5969979677959185,-1.3960486367854485,0.0,-0.839307,0.595791,PASS,False,False,False,False,False,False
seed2,seed2_row77443,-1.382527935905565,317.0,63.90960291734199,False,29.336909,False,0.273728,0.585515,0.23880154604578807,-2.6007869742162186,0.0,-0.975791,0.345455,PASS,False,False,False,False,False,False
seed2,seed2_row87334,-1.390159204961905,318.0,59.79072874493927,False,24.867803,False,0.343298,0.595921,-1.0793309576301289,-0.7614312104739659,0.0,-0.648633,0.388496,PASS,False,False,False,False,False,False
seed2,seed2_row33654,-1.3910684587583926,319.0,59.492595846645365,False,24.388125,False,0.2346,0.540492,-1.1747401998665976,-0.5640095127025646,0.0,-1.182514,0.162323,PASS,False,False,False,False,False,False
seed2,seed2_row90749,-1.4213436235119759,320.0,64.16381759483454,False,29.653015,False,0.21289,0.531272,0.3201559684652879,-2.7308871313960914,0.0,-1.307595,0.125252,PASS,False,False,False,False,False,False
seed2,seed2_row94830,-1.4279673966876578,321.0,65.219696485623,False,30.820586,False,0.203069,0.505245,0.6580609948481784,-3.2114258450511945,0.0,-1.367224,0.020983,PASS,False,False,False,False,False,False
seed2,seed2_row32990,-1.428539035368643,322.0,58.85578478964401,False,23.845911,False,0.290059,0.507861,-1.3785340808639481,-0.3408497921495642,0.0,-0.895099,0.031447,PASS,False,False,False,False,False,False
seed2,seed2_row71359,-1.4442810476422314,323.0,63.45166531932093,False,29.075376,False,0.312494,0.574614,0.09225120065013886,-2.4931474975605292,0.0,-0.788487,0.300702,PASS,False,False,False,False,False,False
seed2,seed2_row78731,-1.476381702832378,324.0,63.19099429502853,False,28.95391,False,0.312076,0.656869,0.00883060183979209,-2.4431555781031,0.0,-0.790434,0.649373,PASS,False,False,False,False,False,False
seed2,seed2_row66176,-1.47849289237208,325.0,59.47936842105263,False,24.849377,False,0.381937,0.567963,-1.1789732739747034,-0.7538475977105382,0.0,-0.481334,0.273545,PASS,False,False,False,False,False,False
seed2,seed2_row12401,-1.5011787331473152,326.0,61.60037459283389,False,27.149243,False,0.212121,0.628365,-0.5002035280440547,-1.7004064358618007,0.0,-1.312187,0.525208,PASS,True,True,True,True,True,False
seed2,seed2_row92597,-1.5367578340891657,327.0,60.956876533115285,False,26.586539,False,0.237341,0.631734,-0.7061374005208326,-1.4688136193833328,0.0,-1.167313,0.539663,PASS,False,False,False,False,False,False
seed2,seed2_row21460,-1.5369750048514086,328.0,62.548844911147015,False,28.304685,False,0.267841,0.512558,-0.19667166399318595,-2.175953201226032,0.0,-1.005603,0.050241,PASS,False,False,False,False,False,False
seed2,seed2_row65018,-1.5381042819910649,329.0,59.80039294306335,False,25.256175,False,0.244765,0.547981,-1.076238196565792,-0.9212739791789613,0.0,-1.126733,0.192515,PASS,False,False,False,False,False,False
seed2,seed2_row72167,-1.5665738400410687,330.0,63.95738424045492,False,30.067046,False,0.27245,0.642509,0.2540926456102724,-2.9012904080733444,0.0,-0.982228,0.586272,PASS,False,False,False,False,False,False
seed2,seed2_row28188,-1.5880365691211216,331.0,62.47406224406223,False,28.414329,False,0.200425,0.635977,-0.22060380177406047,-2.221079524781516,0.0,-1.383643,0.557945,PASS,False,False,False,False,False,False
seed2,seed2_row30248,-1.5998788147342138,332.0,62.85813765182186,False,28.913886,False,0.262818,0.588224,-0.09769102084411356,-2.426682848414429,0.0,-1.031371,0.35663,PASS,False,False,False,False,False,False
seed2,seed2_row41302,-1.6012142407673513,333.0,61.25950766747377,False,27.062587,False,0.211679,0.549448,-0.6092886214309067,-1.6647413133377782,0.0,-1.314837,0.19844,PASS,False,False,False,False,False,False
seed2,seed2_row61266,-1.6027268063365505,334.0,60.41553571428572,False,26.267708,False,0.321548,0.582509,-0.8793786550478042,-1.3375919304124948,0.0,-0.746666,0.333083,PASS,False,False,False,False,False,False
seed2,seed2_row17682,-1.6147480039186355,335.0,61.96484055600981,False,28.053338,False,0.292832,0.658614,-0.38356621104014904,-2.0725059898264093,0.0,-0.881668,0.657122,PASS,False,False,False,False,False,False
seed2,seed2_row37716,-1.6188438399378817,336.0,62.99839935327405,False,29.115756,False,0.255806,0.570276,-0.05280411729562089,-2.509766746631801,0.0,-1.067882,0.282978,PASS,False,False,False,False,False,False
seed2,seed2_row64155,-1.6270403354090202,337.0,66.58484210526316,False,33.122906,False,0.249302,0.572635,1.0949383400108739,-4.158994679171277,0.0,-1.102336,0.292612,PASS,False,False,False,False,False,False
seed2,seed2_row69910,-1.6362287025711943,338.0,61.39545602605863,False,27.510777,False,0.325406,0.63187,-0.5657820847484418,-1.8492034540325035,0.0,-0.729038,0.540246,PASS,False,False,False,False,False,False
seed2,seed2_row66346,-1.646947966006305,339.0,63.47359577922078,False,29.674232,False,0.20016,0.557341,0.09926944175306858,-2.7396194396562485,0.0,-1.385294,0.230379,PASS,False,False,False,False,False,False
seed2,seed2_row77613,-1.6658187228137422,340.0,59.81128744939272,False,25.783614,False,0.283105,0.594242,-1.0727517091657965,-1.1383527337827797,0.0,-0.929114,0.381531,PASS,False,False,False,False,False,False
seed2,seed2_row31795,-1.6762081066098478,341.0,61.99256865912761,False,28.257965,False,0.292211,0.602642,-0.3746925935284173,-2.156724590116329,0.0,-0.884669,0.416486,PASS,False,False,False,False,False,False
seed2,seed2_row63943,-1.7335444986893183,342.0,64.42276749798874,False,31.14693,False,0.332575,0.528375,0.40302576974697485,-3.3457396691947046,0.0,-0.696563,0.113621,PASS,False,False,False,False,False,False
seed2,seed2_row41486,-1.8021140414075636,343.0,63.6259690553746,False,30.460339,False,0.223722,0.63474,0.14803232199244457,-3.0631585191428696,0.0,-1.244106,0.552608,PASS,False,False,False,False,False,False
seed2,seed2_row9578,-1.8150894562038984,344.0,65.67432542927229,False,32.763272,False,0.212702,0.626166,0.8035524963247558,-4.010979646469506,0.0,-1.308712,0.515803,PASS,False,False,False,False,False,False
seed2,seed2_row51723,-1.8343119661664222,345.0,63.74196207749382,False,31.071855,False,0.56175,0.661995,0.18515270155620128,-3.314840953889462,0.0,0.248266,0.672196,PASS,False,False,False,False,False,False
seed2,seed2_row46630,-1.8406614495992675,346.0,65.83577235772357,False,33.057165,False,0.268393,0.579789,0.855219149663218,-4.13193757037498,0.0,-1.002791,0.321906,PASS,False,False,False,False,False,False
seed2,seed2_row90238,-1.8596817770715628,347.0,61.40458469055375,False,28.289128,False,0.356112,0.575153,-0.5628607065070802,-2.1695503865206898,0.0,-0.592281,0.302909,PASS,True,True,True,True,True,False
seed2,seed2_row82073,-1.8964566215179057,348.0,57.73432847896441,False,24.331394,False,0.310222,0.631823,-1.7374253585979678,-0.5406606613141974,0.0,-0.799082,0.540044,PASS,False,False,False,False,False,False
seed2,seed2_row92728,-1.9228093718528327,349.0,68.14982142857144,False,35.848846,False,0.205188,0.582533,1.5957669711584075,-5.280913347158915,0.0,-1.354178,0.333181,PASS,True,True,True,True,True,False
seed2,seed2_row90538,-1.927303056851212,350.0,60.95776432606941,False,27.938366,False,0.268412,0.578287,-0.7058532867799453,-2.0251868143875233,0.0,-1.002696,0.315743,PASS,False,False,False,False,False,False
seed2,seed2_row45664,-1.9445130661582575,351.0,61.72832258064516,False,28.899854,False,0.288652,0.61392,-0.4592572901997483,-2.420907679940727,0.0,-0.901939,0.46382,PASS,False,False,False,False,False,False
seed2,seed2_row13339,-1.9470808920517026,352.0,60.95966475878986,False,27.99286,False,0.213263,0.637579,-0.7052451055063672,-2.0476149807790507,0.0,-1.305368,0.564872,PASS,False,False,False,False,False,False
seed2,seed2_row7661,-1.966152016563436,353.0,60.10384615384615,False,27.203942,False,0.307282,0.634165,-0.979126334504637,-1.7229189743697133,0.0,-0.812859,0.550128,PASS,False,False,False,True,False,False
seed2,seed2_row32007,-1.9892292291089764,354.0,63.07266450040617,False,30.445367,False,0.218047,0.571459,-0.02903759755558885,-3.056996473647697,0.0,-1.277083,0.287806,PASS,True,True,True,True,True,False
seed2,seed2_row11271,-2.0167204924405406,355.0,60.869255663430415,False,28.055813,False,0.200354,0.544093,-0.7341780522857795,-2.073524628792516,0.0,-1.384085,0.17683,PASS,False,False,False,False,False,False
seed2,seed2_row79849,-2.0792688644258464,356.0,60.76418300653595,False,28.284252,False,0.249083,0.655452,-0.7678036690206037,-2.167543564864633,0.0,-1.103511,0.643091,PASS,False,False,False,False,False,False
seed2,seed2_row91692,-2.0925060423150703,357.0,57.99834690553746,False,25.261432,False,0.270538,0.628362,-1.6529335156649987,-0.9234376095001023,0.0,-0.991893,0.525195,PASS,True,True,True,True,True,False
seed2,seed2_row47241,-2.154530278776552,358.0,61.70457627118644,False,29.599474,False,0.299322,0.593628,-0.4668566440595022,-2.7088511924529284,0.0,-0.850526,0.378984,PASS,False,False,False,False,False,False
seed2,seed2_row63131,-2.283234055042437,359.0,62.266419354838696,False,30.607238,False,0.250263,0.576369,-0.2870542030212193,-3.123617931458883,0.0,-1.097209,0.307885,PASS,False,False,False,False,False,False
seed2,seed2_row76332,-2.35701604212696,360.0,62.20136400322841,False,30.748379,False,0.221394,0.558172,-0.3078733807640434,-3.1817075162327386,0.0,-1.25756,0.233748,PASS,False,False,False,False,False,False
seed2,seed2_row71558,-2.4039121461695836,361.0,60.32737691686844,False,28.966138,False,0.304157,0.63082,-0.9075914558027514,-2.4481882719526173,0.0,-0.827582,0.535738,PASS,False,False,False,False,False,False
seed2,seed2_row38504,-2.446827255678459,362.0,59.76724390243902,False,28.408165,False,0.250462,0.589303,-1.0868466361742088,-2.218542599291786,0.0,-1.096148,0.361084,PASS,False,False,False,False,False,False
seed2,seed2_row83039,-2.468903291334003,363.0,64.14181891673402,False,33.365004,False,0.234063,0.644033,0.31311589600168105,-4.258635267622406,0.0,-1.185508,0.592912,PASS,False,False,False,False,False,False
seed2,seed2_row34410,-2.557063505773456,364.0,61.09974755700326,False,30.536121,False,0.465123,0.649294,-0.6604154550236863,-3.094348215356814,0.0,-0.139734,0.615937,PASS,False,False,False,False,False,False
seed2,seed2_row53441,-2.5687561998432855,365.0,61.41925626515765,False,30.648912,False,0.256557,0.554905,-0.558165472189148,-3.1407697537916257,0.0,-1.063941,0.22051,PASS,False,False,False,False,False,False
seed2,seed2_row32756,-2.579168648467982,366.0,59.85312096774193,False,29.00138,False,0.30201,0.567387,-1.059364041086816,-2.4626928676873807,0.0,-0.837747,0.271199,PASS,False,False,False,False,False,False
seed2,seed2_row89171,-2.586037882878828,367.0,59.78283980582524,False,28.948609,False,0.273924,0.611611,-1.081855595827479,-2.4409738386447843,0.0,-0.974806,0.454087,PASS,False,False,False,False,False,False
seed2,seed2_row91160,-2.5934495442743106,368.0,61.240048661800486,False,30.536041,False,0.223569,0.605082,-0.6155159415173095,-3.0943152896528585,0.0,-1.244986,0.426686,PASS,True,True,True,True,True,False
seed2,seed2_row15490,-2.818133358963383,369.0,64.13244732576986,False,34.680948,False,0.414455,0.537907,0.3101167758188436,-4.800240049688895,0.0,-0.345579,0.151919,PASS,False,False,False,False,False,False
seed2,seed2_row33994,-2.8638708801508725,370.0,61.002878048780495,False,31.285338,False,0.286755,0.617058,-0.6914158794258343,-3.4027044296071978,0.0,-0.911198,0.477079,PASS,True,True,True,True,True,False
seed2,seed2_row33087,-2.9300938947882758,371.0,60.27932216905901,False,30.753944,False,0.352107,0.580213,-0.9229700574284013,-3.1839979105141065,0.0,-0.609789,0.323646,PASS,False,False,False,False,False,False
seed2,seed2_row73458,-2.940900418805236,372.0,61.36856097560976,False,31.885635,False,0.225233,0.603787,-0.5743891066434518,-3.649769445945406,0.0,-1.235426,0.421268,PASS,False,False,False,False,False,False
seed2,seed2_row56116,-2.95375621808086,373.0,61.140275750202754,False,31.648596,False,0.208474,0.588474,-0.6474455203921691,-3.5522109966981295,0.0,-1.334149,0.35766,PASS,False,False,False,False,False,False
seed2,seed2_row96402,-3.0097863547062853,374.0,58.794035656401945,False,29.225273,False,0.21559,0.561102,-1.3982951942637059,-2.554840800632257,0.0,-1.291553,0.245634,PASS,False,False,False,False,False,False
seed2,seed2_row34139,-3.0443767881309562,375.0,60.08329517579722,False,30.906326,False,0.290105,0.634973,-0.9857031103455032,-3.246713968264934,0.0,-0.894873,0.553611,PASS,True,True,True,True,True,False
seed2,seed2_row41339,-3.0741635891977896,376.0,60.77448136142626,False,31.776912,False,0.335779,0.565631,-0.7645079635080976,-3.605022179556703,0.0,-0.682162,0.264047,PASS,False,False,False,False,False,False
seed2,seed2_row50312,-3.095495541659605,377.0,63.9260064672595,False,35.423803,False,0.404783,0.566015,0.24405105147297657,-5.10597784733226,0.0,-0.385573,0.265612,PASS,False,False,False,False,False,False
seed2,seed2_row66315,-3.121436072665498,378.0,61.77248169243288,False,32.950284,False,0.22909,0.582631,-0.4451253798416083,-4.087948418319843,0.0,-1.213456,0.333585,PASS,False,False,False,False,False,False
seed2,seed2_row72266,-3.2652365351358985,379.0,61.60987086359968,False,33.621839,False,0.55978,0.595164,-0.49716450751655966,-4.364341182313341,0.0,0.240269,0.385354,PASS,False,False,False,False,False,False
seed2,seed2_row19158,-3.3397711036476925,380.0,65.39252427184466,False,37.700316,False,0.225198,0.546737,0.7133697790017451,-6.042925260927769,0.0,-1.235626,0.187493,PASS,False,False,False,False,False,False
seed2,seed2_row21808,-3.3741673809294164,381.0,60.047138289368505,False,31.899892,False,0.225306,0.572305,-0.9972741283563797,-3.6556372179614813,0.0,-1.235009,0.291264,PASS,False,False,False,False,False,False
seed2,seed2_row69267,-3.47625381168406,382.0,61.72984590429847,False,34.23423,False,0.33874,0.561813,-0.4587697923212021,-4.616383741946939,0.0,-0.668914,0.248522,PASS,False,False,False,False,False,False
seed2,seed2_row14305,-3.5612640542248477,383.0,66.12840614886731,False,39.414679,False,0.367325,0.518127,0.94886855375644,-6.748507868544697,0.0,-0.543708,0.072538,PASS,False,False,False,False,False,False
seed2,seed2_row38800,-3.6201888573456866,384.0,62.51557988645579,False,35.534454,False,0.275676,0.552443,-0.2073172211152933,-5.151518623186276,0.0,-0.966012,0.210546,PASS,False,False,False,False,False,False
seed2,seed2_row76935,-4.286053296002798,385.0,61.77626213592232,False,37.096576,False,0.340529,0.559069,-0.44391555277888123,-5.794443204605598,0.0,-0.66094,0.237386,PASS,False,False,False,False,False,False
