id,best_model_path,ipTM,protein_pLDDT_mean,rna_pLDDT_mean,wed_pLDDT_mean,wed_rna_contact_count,triad_annotation,triad_min_distance_to_RNA_P,triad_mean_distance_to_RNA_P,complex_pde,complex_ipde
seed3_row108769,filtering/boltz_scoring/boltz_runs/seed3_novel80/boltz_results_yamls/predictions/seed3_row108769/seed3_row108769_model_0.cif,0.7461449503898621,77.95443149989852,51.29342156862745,,,"1017,1031,924",3.2159586,6.631137371063232,0.8582535982131958,7.0007829666137695
seed3_row116239,filtering/boltz_scoring/boltz_runs/seed3_novel80/boltz_results_yamls/predictions/seed3_row116239/seed3_row116239_model_0.cif,0.7250235676765442,78.82487862481315,48.56925408496732,,,"450,462,724",4.352026,9.394189834594728,0.7803758978843689,8.53645133972168
seed3_row108307,filtering/boltz_scoring/boltz_runs/seed3_novel80/boltz_results_yamls/predictions/seed3_row108307/seed3_row108307_model_0.cif,0.7765539884567261,81.48347932330827,56.59322712418302,,,"374,384,882",4.7037377,11.354891777038574,0.6429039239883423,5.642783164978027
seed3_row112680,filtering/boltz_scoring/boltz_runs/seed3_novel80/boltz_results_yamls/predictions/seed3_row112680/seed3_row112680_model_0.cif,0.7321353554725647,75.74805285643319,54.47654166666666,,,"49,51,903",2.9682462,8.169717788696289,0.7938537001609802,6.0009379386901855
seed3_row109475,filtering/boltz_scoring/boltz_runs/seed3_novel80/boltz_results_yamls/predictions/seed3_row109475/seed3_row109475_model_0.cif,0.7771399021148682,74.88696371769383,47.93433578431372,,,"51,59,374",4.037018,11.249951362609863,0.8135354518890381,7.247171401977539
seed3_row116241,filtering/boltz_scoring/boltz_runs/seed3_novel80/boltz_results_yamls/predictions/seed3_row116241/seed3_row116241_model_0.cif,0.7277039289474487,76.68620319027724,53.59863316993464,,,"20,26,878",3.0841336,12.2239408493042,0.8275312185287476,5.968186378479004
seed3_row21124,filtering/boltz_scoring/boltz_runs/seed3_novel80/boltz_results_yamls/predictions/seed3_row21124/seed3_row21124_model_0.cif,0.7713632583618164,78.01582898172323,52.79613725490197,,,"49,59,373",9.409254,14.334624290466309,0.7225765585899353,5.86309814453125
seed3_row111281,filtering/boltz_scoring/boltz_runs/seed3_novel80/boltz_results_yamls/predictions/seed3_row111281/seed3_row111281_model_0.cif,0.7363449335098267,75.76104627628217,55.46104003267973,,,"402,408,851",7.621599,14.153359413146973,0.7782600522041321,6.167292594909668
seed3_row114458,filtering/boltz_scoring/boltz_runs/seed3_novel80/boltz_results_yamls/predictions/seed3_row114458/seed3_row114458_model_0.cif,0.7006348371505737,69.8071761835548,52.50191830065359,,,"52,59,690",4.4602633,7.809437274932861,1.2349834442138672,7.509474754333496
seed3_row76018,filtering/boltz_scoring/boltz_runs/seed3_novel80/boltz_results_yamls/predictions/seed3_row76018/seed3_row76018_model_0.cif,0.7488402128219604,77.73782442146727,56.4791364379085,,,"773,780,58",3.4443293,8.105053901672363,0.7086397409439087,5.1090803146362305
seed3_row103520,filtering/boltz_scoring/boltz_runs/seed3_novel80/boltz_results_yamls/predictions/seed3_row103520/seed3_row103520_model_0.cif,0.7172448635101318,70.94234650690888,54.48745506535949,,,"791,799,676",3.0063546,18.204893112182617,1.1632510423660278,5.576388359069824
seed3_row112328,filtering/boltz_scoring/boltz_runs/seed3_novel80/boltz_results_yamls/predictions/seed3_row112328/seed3_row112328_model_0.cif,0.7680729627609253,78.11945583003951,54.97589215686274,,,"465,472,917",3.0443301,7.921422481536865,0.7668809294700623,5.424584865570068
seed3_row31358,filtering/boltz_scoring/boltz_runs/seed3_novel80/boltz_results_yamls/predictions/seed3_row31358/seed3_row31358_model_0.cif,0.7618638277053833,78.70709505259057,55.69076552287582,,,"774,782,659",3.250322,18.46933364868164,0.7139922976493835,5.630184650421143
seed3_row108801,filtering/boltz_scoring/boltz_runs/seed3_novel80/boltz_results_yamls/predictions/seed3_row108801/seed3_row108801_model_0.cif,0.7608022093772888,78.0306572972973,53.09498611111112,,,"793,806,447",3.4886281,10.93859577178955,0.7883947491645813,6.948017597198486
seed3_row113003,filtering/boltz_scoring/boltz_runs/seed3_novel80/boltz_results_yamls/predictions/seed3_row113003/seed3_row113003_model_0.cif,0.7716054916381836,81.8444830368426,56.2952638888889,,,"791,798,58",3.2193468,7.946995258331299,0.6329026818275452,7.008324146270752
seed3_row113919,filtering/boltz_scoring/boltz_runs/seed3_novel80/boltz_results_yamls/predictions/seed3_row113919/seed3_row113919_model_0.cif,0.7335678339004517,76.8655636638148,54.28224183006537,,,"42,52,914",3.047102,9.51962184906006,0.8369816541671753,6.106493949890137
seed3_row105756,filtering/boltz_scoring/boltz_runs/seed3_novel80/boltz_results_yamls/predictions/seed3_row105756/seed3_row105756_model_0.cif,0.7529835104942322,72.85944940944883,48.14109967320261,,,"398,401,527",14.794814,18.860990524291992,1.0664047002792358,9.084507942199707
seed3_row101349,filtering/boltz_scoring/boltz_runs/seed3_novel80/boltz_results_yamls/predictions/seed3_row101349/seed3_row101349_model_0.cif,0.7507073283195496,75.99065081901718,52.42937745098039,,,"939,947,475",3.8183248,7.095213890075684,0.8500468730926514,7.985189914703369
seed3_row102049,filtering/boltz_scoring/boltz_runs/seed3_novel80/boltz_results_yamls/predictions/seed3_row102049/seed3_row102049_model_0.cif,0.7552464008331299,74.8469034672971,55.134572712418304,,,"265,276,912",3.0908551,12.917563438415527,0.8423399925231934,5.433167457580566
seed3_row106769,filtering/boltz_scoring/boltz_runs/seed3_novel80/boltz_results_yamls/predictions/seed3_row106769/seed3_row106769_model_0.cif,0.7299092411994934,75.95207578594659,52.17473366013073,,,"464,466,651",14.035527,26.401138305664062,0.718701183795929,5.918094635009766
seed3_row104347,filtering/boltz_scoring/boltz_runs/seed3_novel80/boltz_results_yamls/predictions/seed3_row104347/seed3_row104347_model_0.cif,0.7269510626792908,70.97173957831907,50.10597385620915,,,"1043,1045,939",3.0130448,6.895984649658203,1.2682907581329346,8.063648223876953
seed3_row109471,filtering/boltz_scoring/boltz_runs/seed3_novel80/boltz_results_yamls/predictions/seed3_row109471/seed3_row109471_model_0.cif,0.701198160648346,77.1313776668624,51.72885130718954,,,"727,734,70",2.4148948,12.206027030944824,0.8958069086074829,7.299919128417969
seed3_row119795,filtering/boltz_scoring/boltz_runs/seed3_novel80/boltz_results_yamls/predictions/seed3_row119795/seed3_row119795_model_0.cif,0.7628371119499207,78.08683790353948,55.726996732026144,,,"269,284,935",3.6208613,15.04989528656006,0.7866443395614624,5.6245245933532715
seed3_row46680,filtering/boltz_scoring/boltz_runs/seed3_novel80/boltz_results_yamls/predictions/seed3_row46680/seed3_row46680_model_0.cif,0.750830352306366,79.8438020988021,48.586750816993465,,,"754,766,718",4.426947,8.717538833618164,0.8486857414245605,7.979788303375244
seed3_row88770,filtering/boltz_scoring/boltz_runs/seed3_novel80/boltz_results_yamls/predictions/seed3_row88770/seed3_row88770_model_0.cif,0.7170426845550537,71.41817560527123,53.36815441176471,,,"834,843,42",7.2256007,11.768078804016112,1.1927601099014282,5.836104869842529
seed3_row111498,filtering/boltz_scoring/boltz_runs/seed3_novel80/boltz_results_yamls/predictions/seed3_row111498/seed3_row111498_model_0.cif,0.7023161053657532,73.14734399139533,50.760563725490194,,,"177,192,475",6.947187,14.47241497039795,1.190178632736206,7.551367282867432
seed3_row110401,filtering/boltz_scoring/boltz_runs/seed3_novel80/boltz_results_yamls/predictions/seed3_row110401/seed3_row110401_model_0.cif,0.7753106951713562,78.77250801515592,51.40511437908497,,,"583,584,1151",2.800194,19.16357040405273,0.7038351893424988,7.079643726348877
seed3_row104015,filtering/boltz_scoring/boltz_runs/seed3_novel80/boltz_results_yamls/predictions/seed3_row104015/seed3_row104015_model_0.cif,0.7060616612434387,74.02768070073557,48.29376143790849,,,"963,971,491",5.8624897,9.209815979003906,1.044898509979248,8.824076652526855
seed3_row76173,filtering/boltz_scoring/boltz_runs/seed3_novel80/boltz_results_yamls/predictions/seed3_row76173/seed3_row76173_model_0.cif,0.7447548508644104,76.26547725930303,53.88157026143791,,,"1108,1123,58",11.694918,20.087909698486328,0.7874090671539307,5.954474925994873
seed3_row21218,filtering/boltz_scoring/boltz_runs/seed3_novel80/boltz_results_yamls/predictions/seed3_row21218/seed3_row21218_model_0.cif,0.739689290523529,79.92485475464647,51.46537091503268,,,"452,458,917",3.32546,10.198175430297852,0.6570027470588684,7.42283296585083
seed3_row119193,filtering/boltz_scoring/boltz_runs/seed3_novel80/boltz_results_yamls/predictions/seed3_row119193/seed3_row119193_model_0.cif,0.7302529215812683,73.90274707283191,51.31058578431372,,,"779,785,58",2.5777192,7.052504539489746,0.9726917147636414,7.829707622528076
seed3_row114321,filtering/boltz_scoring/boltz_runs/seed3_novel80/boltz_results_yamls/predictions/seed3_row114321/seed3_row114321_model_0.cif,0.7403891682624817,79.08924476228847,52.7872998366013,,,"471,475,910",3.137334,7.239591121673584,0.7415400743484497,6.539117813110352
seed3_row100354,filtering/boltz_scoring/boltz_runs/seed3_novel80/boltz_results_yamls/predictions/seed3_row100354/seed3_row100354_model_0.cif,0.7707328796386719,75.38120315482769,54.07927532679738,,,"20,34,874",3.7508082,14.070833206176758,0.8921085000038147,7.120683193206787
seed3_row101918,filtering/boltz_scoring/boltz_runs/seed3_novel80/boltz_results_yamls/predictions/seed3_row101918/seed3_row101918_model_0.cif,0.763063907623291,76.20621497536946,56.07058578431372,,,"329,342,915",2.8536003,12.829440116882324,0.7016857266426086,5.681323051452637
seed3_row64146,filtering/boltz_scoring/boltz_runs/seed3_novel80/boltz_results_yamls/predictions/seed3_row64146/seed3_row64146_model_0.cif,0.7712190747261047,78.54595874491574,47.62525,,,"463,475,926",3.2126462,9.412919998168944,0.7896162271499634,8.23213005065918
